,valid_time,latitude,longitude,max_temperature,mean_temperature,max_precipitation,mean_precipitation,mslp,month,heatwave_label
0,01-01-24,18.8,72.8,300.28345,298.79312,0,0,101279.91,1,0
1,01-01-24,19.05,72.8,300.91122,298.72922,0,0,101281.37,1,0
24,02-01-24,18.8,72.8,300.1916,298.49875,0,0,101224.32,1,0
25,02-01-24,19.05,72.8,300.74103,298.4006,0,0,101227.85,1,0
48,03-01-24,18.8,72.8,299.84067,298.13846,0,0,101160.195,1,0
49,03-01-24,19.05,72.8,300.2464,297.95554,0,0,101165.26,1,0
72,04-01-24,18.8,72.8,298.9578,297.49515,0,0,101200.57,1,0
73,04-01-24,19.05,72.8,299.37543,297.34164,0,0,101203.43,1,0
96,05-01-24,18.8,72.8,299.0781,297.35242,0,0,101210.24,1,0
97,05-01-24,19.05,72.8,299.59827,297.2723,0,0,101212.57,1,0
120,06-01-24,18.8,72.8,300.4831,298.2595,0,0,101211.73,1,0
121,06-01-24,19.05,72.8,300.85468,298.1513,0,0,101217.97,1,0
144,07-01-24,18.8,72.8,299.89746,298.60324,0,0,101217.69,1,0
145,07-01-24,19.05,72.8,300.3091,298.5051,0,0,101218.305,1,0
168,08-01-24,18.8,72.8,301.25287,299.44943,1.37E-05,8.35E-07,101211.37,1,0
169,08-01-24,19.05,72.8,301.69086,299.4279,2.29E-06,1.59E-07,101215.21,1,0
192,09-01-24,18.8,72.8,299.52698,298.95828,0.000179677,4.42E-05,101285.43,1,0
193,09-01-24,19.05,72.8,299.95996,298.85513,0.000186907,2.74E-05,101282.81,1,0
216,10-01-24,18.8,72.8,300.86575,299.24658,7.76E-05,1.32E-05,101303.32,1,0
217,10-01-24,19.05,72.8,301.3096,299.24686,8.01E-05,1.15E-05,101307.22,1,0
240,11-01-24,18.8,72.8,301.6171,299.712,2.08E-05,1.11E-06,101316.74,1,0
241,11-01-24,19.05,72.8,302.24188,299.76593,7.72E-06,3.86E-07,101323.23,1,0
264,12-01-24,18.8,72.8,302.24097,300.11755,0,0,101247.81,1,0
265,12-01-24,19.05,72.8,302.87125,300.1791,0,0,101254.44,1,0
288,13-01-24,18.8,72.8,301.79803,299.97473,0,0,101350.22,1,0
289,13-01-24,19.05,72.8,302.53693,300.10394,0,0,101351.35,1,0
312,14-01-24,18.8,72.8,301.14093,299.7385,0,0,101417.97,1,0
313,14-01-24,19.05,72.8,301.7415,299.79288,0,0,101426.88,1,0
336,15-01-24,18.8,72.8,300.26837,298.6218,0,0,101405.06,1,0
337,15-01-24,19.05,72.8,300.65198,298.4573,0,0,101409.555,1,0
360,16-01-24,18.8,72.8,298.87057,297.26022,0,0,101223.695,1,0
361,16-01-24,19.05,72.8,299.50067,297.22403,0,0,101222.9,1,0
384,17-01-24,18.8,72.8,298.07574,296.9744,0,0,101154.1,1,0
385,17-01-24,19.05,72.8,298.62726,296.8956,0,0,101152.23,1,0
408,18-01-24,18.8,72.8,297.7489,296.6658,2.58E-06,1.43E-07,101296.85,1,0
409,18-01-24,19.05,72.8,298.1974,296.65338,0,0,101295.54,1,0
432,19-01-24,18.8,72.8,297.9648,296.7665,0,0,101288.97,1,0
433,19-01-24,19.05,72.8,298.40244,296.70752,0,0,101285.81,1,0
456,20-01-24,18.8,72.8,298.63556,297.28052,0,0,101391.805,1,0
457,20-01-24,19.05,72.8,299.13196,297.18613,1.91E-07,1.19E-08,101391.72,1,0
480,21-01-24,18.8,72.8,299.83438,297.5101,0,0,101367.73,1,0
481,21-01-24,19.05,72.8,300.2844,297.4896,0,0,101370.29,1,0
504,22-01-24,18.8,72.8,298.53143,297.4148,0,0,101427.695,1,0
505,22-01-24,19.05,72.8,298.9218,297.46664,0,0,101426.59,1,0
528,23-01-24,18.8,72.8,299.46518,297.4127,0,0,101466.15,1,0
529,23-01-24,19.05,72.8,299.87216,297.33267,0,0,101471.23,1,0
552,24-01-24,18.8,72.8,299.82544,297.2696,0,0,101398.27,1,0
553,24-01-24,19.05,72.8,300.23883,297.21674,0,0,101408.664,1,0
576,25-01-24,18.8,72.8,299.58148,297.2189,0,0,101476.25,1,0
577,25-01-24,19.05,72.8,300.48322,297.0687,0,0,101485.69,1,0
600,26-01-24,18.8,72.8,300.02948,297.64432,0,0,101588.01,1,0
601,26-01-24,19.05,72.8,300.92706,297.53824,0,0,101594.88,1,0
624,27-01-24,18.8,72.8,300.38525,298.32544,0,0,101592.15,1,0
625,27-01-24,19.05,72.8,301.2766,298.15463,0,0,101600.43,1,0
648,28-01-24,18.8,72.8,300.28647,298.41977,0,0,101555.77,1,0
649,28-01-24,19.05,72.8,300.833,298.22537,0,0,101562.164,1,0
672,29-01-24,18.8,72.8,299.97534,298.27817,0,0,101550.15,1,0
673,29-01-24,19.05,72.8,300.55728,298.18585,0,0,101555.375,1,0
696,30-01-24,18.8,72.8,299.685,297.90298,0,0,101459.48,1,0
697,30-01-24,19.05,72.8,300.32196,297.7166,0,0,101462.49,1,0
718,31-01-24,18.8,72.8,298.6007,297.29657,0,0,101456.62,1,0
719,31-01-24,19.05,72.8,299.24573,297.1038,0,0,101452.445,1,0
2,01-02-24,18.8,72.8,298.07544,296.97256,3.11E-05,3.70E-06,101541.23,2,0
3,01-02-24,19.05,72.8,298.61383,296.9688,1.68E-05,1.91E-06,101537.69,2,0
26,02-02-24,18.8,72.8,299.16095,297.24063,0,0,101537.21,2,0
27,02-02-24,19.05,72.8,299.80566,297.3367,0,0,101541.73,2,0
50,03-02-24,18.8,72.8,300.87143,298.4537,0,0,101444.81,2,0
51,03-02-24,19.05,72.8,301.9573,298.54953,0,0,101451.62,2,0
74,04-02-24,18.8,72.8,300.66522,298.83218,0,0,101525.086,2,0
75,04-02-24,19.05,72.8,301.81296,298.96423,0,0,101524.055,2,0
98,05-02-24,18.8,72.8,300.18607,298.80087,0,0,101579.25,2,0
99,05-02-24,19.05,72.8,300.87708,298.83505,0,0,101579.99,2,0
122,06-02-24,18.8,72.8,300.30063,298.65262,0,0,101553.82,2,0
123,06-02-24,19.05,72.8,301.0091,298.61606,0,0,101557.625,2,0
146,07-02-24,18.8,72.8,300.58557,298.73904,0,0,101606.72,2,0
147,07-02-24,19.05,72.8,301.26416,298.77084,0,0,101613.69,2,0
170,08-02-24,18.8,72.8,300.55762,298.6765,0,0,101518.84,2,0
171,08-02-24,19.05,72.8,301.12784,298.71964,0,0,101530,2,0
194,09-02-24,18.8,72.8,300.013,298.07483,0,0,101474.6,2,0
195,09-02-24,19.05,72.8,300.65546,298.0737,0,0,101478.53,2,0
218,10-02-24,18.8,72.8,300.03497,298.1565,0,0,101576.34,2,0
219,10-02-24,19.05,72.8,300.5899,298.1201,0,0,101580.87,2,0
242,11-02-24,18.8,72.8,299.8878,297.89038,0,0,101602.73,2,0
243,11-02-24,19.05,72.8,300.42545,297.81168,0,0,101607.43,2,0
266,12-02-24,18.8,72.8,299.92157,297.79147,0,0,101541.16,2,0
267,12-02-24,19.05,72.8,300.5236,297.7297,0,0,101544.26,2,0
290,13-02-24,18.8,72.8,300.06866,297.87247,0,0,101514.62,2,0
291,13-02-24,19.05,72.8,300.62524,297.81766,0,0,101519.85,2,0
314,14-02-24,18.8,72.8,300.38947,298.3418,0,0,101464.055,2,0
315,14-02-24,19.05,72.8,300.85138,298.3057,0,0,101476.445,2,0
338,15-02-24,18.8,72.8,300.07123,298.20114,0,0,101356.1,2,0
339,15-02-24,19.05,72.8,300.7207,298.2682,0,0,101361.555,2,0
362,16-02-24,18.8,72.8,299.93164,298.55954,0,0,101338.04,2,0
363,16-02-24,19.05,72.8,300.48407,298.6801,0,0,101334.73,2,0
386,17-02-24,18.8,72.8,300.18765,298.84067,0,0,101262.31,2,0
387,17-02-24,19.05,72.8,300.84485,298.94205,0,0,101259.06,2,0
410,18-02-24,18.8,72.8,300.75317,298.85562,0,0,101165.125,2,0
411,18-02-24,19.05,72.8,301.66504,299.0913,0,0,101160.26,2,0
434,19-02-24,18.8,72.8,300.513,298.82443,0,0,101232.97,2,0
435,19-02-24,19.05,72.8,301.24503,298.94272,0,0,101230.87,2,0
458,20-02-24,18.8,72.8,300.61462,298.67017,0,0,101317.77,2,0
459,20-02-24,19.05,72.8,301.25787,298.7019,0,0,101318.65,2,0
482,21-02-24,18.8,72.8,298.94598,297.85904,4.39E-06,3.62E-07,101317.414,2,0
483,21-02-24,19.05,72.8,299.38666,297.90842,1.91E-06,2.62E-07,101314.51,2,0
506,22-02-24,18.8,72.8,298.89526,297.76346,6.39E-06,7.31E-07,101358.46,2,0
507,22-02-24,19.05,72.8,299.2871,297.80765,1.26E-05,1.16E-06,101359.48,2,0
530,23-02-24,18.8,72.8,299.38318,297.7216,2.86E-07,2.38E-08,101327.94,2,0
531,23-02-24,19.05,72.8,300.1642,297.85886,0,0,101329.03,2,0
554,24-02-24,18.8,72.8,300.9273,298.38797,0,0,101244.65,2,0
555,24-02-24,19.05,72.8,301.4239,298.3959,0,0,101252.56,2,0
578,25-02-24,18.8,72.8,301.08362,298.3644,0,0,101100.18,2,0
579,25-02-24,19.05,72.8,301.6491,298.43387,0,0,101106.65,2,0
602,26-02-24,18.8,72.8,300.96365,298.79984,0,0,101022.49,2,0
603,26-02-24,19.05,72.8,301.61478,298.92172,0,0,101019.65,2,0
626,27-02-24,18.8,72.8,300.55786,299.10196,0,0,101202.27,2,0
627,27-02-24,19.05,72.8,301.2431,299.28867,0,0,101200.125,2,0
650,28-02-24,18.8,72.8,301.4501,299.72058,0,0,101133.49,2,0
651,28-02-24,19.05,72.8,302.28976,299.93887,0,0,101133.75,2,0
674,29-02-24,18.8,72.8,301.41306,299.90714,0,0,101092.99,2,0
675,29-02-24,19.05,72.8,302.52783,300.20316,0,0,101093.71,2,0
4,01-03-24,18.8,72.8,300.19815,299.41925,0,0,101223.4,3,0
5,01-03-24,19.05,72.8,300.85364,299.5681,0,0,101217.836,3,0
28,02-03-24,18.8,72.8,299.56326,298.64584,3.81E-07,1.99E-08,101285.9,3,0
29,02-03-24,19.05,72.8,300.02652,298.72867,3.81E-07,3.18E-08,101280.375,3,0
52,03-03-24,18.8,72.8,298.72888,297.88968,0.000153547,2.20E-05,101345.445,3,0
53,03-03-24,19.05,72.8,298.76273,297.95206,0.000198213,2.76E-05,101344.78,3,0
76,04-03-24,18.8,72.8,298.89795,296.88425,0,0,101383.75,3,0
77,04-03-24,19.05,72.8,299.6368,297.01468,0,0,101384.73,3,0
100,05-03-24,18.8,72.8,299.66544,297.91708,0,0,101316.78,3,0
101,05-03-24,19.05,72.8,300.3839,297.92163,0,0,101317.21,3,0
124,06-03-24,18.8,72.8,300.0633,298.58804,0,0,101299.02,3,0
125,06-03-24,19.05,72.8,300.8363,298.6493,0,0,101298.63,3,0
148,07-03-24,18.8,72.8,300.68524,298.7873,0,0,101230.78,3,0
149,07-03-24,19.05,72.8,301.37347,298.9219,0,0,101231.99,3,0
172,08-03-24,18.8,72.8,301.5275,299.96667,0,0,101224.086,3,0
173,08-03-24,19.05,72.8,302.35455,300.07468,0,0,101231.84,3,0
196,09-03-24,18.8,72.8,301.61548,299.85178,0,0,101211.4,3,0
197,09-03-24,19.05,72.8,302.37457,299.91782,0,0,101218.72,3,0
220,10-03-24,18.8,72.8,301.09192,299.45132,0,0,101309.85,3,0
221,10-03-24,19.05,72.8,301.7823,299.51678,0,0,101312.22,3,0
244,11-03-24,18.8,72.8,301.21176,299.62296,0,0,101438.43,3,0
245,11-03-24,19.05,72.8,302.05768,299.74124,0,0,101440.34,3,0
268,12-03-24,18.8,72.8,301.10992,299.6858,0,0,101363.79,3,0
269,12-03-24,19.05,72.8,302.043,299.85147,0,0,101363.75,3,0
292,13-03-24,18.8,72.8,300.19812,298.92886,0,0,101326.18,3,0
293,13-03-24,19.05,72.8,300.98322,299.09027,0,0,101323.664,3,0
316,14-03-24,18.8,72.8,299.557,298.1478,5.72E-07,3.97E-08,101370.21,3,0
317,14-03-24,19.05,72.8,300.36633,298.2662,1.33E-06,7.55E-08,101368.81,3,0
340,15-03-24,18.8,72.8,299.21106,297.8926,0,0,101278.41,3,0
341,15-03-24,19.05,72.8,299.96222,298.0158,0,0,101273.84,3,0
364,16-03-24,18.8,72.8,299.67596,298.1648,0,0,101250.71,3,0
365,16-03-24,19.05,72.8,300.5113,298.30246,0,0,101245.99,3,0
388,17-03-24,18.8,72.8,300.21152,298.4844,9.53E-08,3.97E-09,101244.87,3,0
389,17-03-24,19.05,72.8,301.02173,298.55225,3.81E-07,2.78E-08,101240.06,3,0
412,18-03-24,18.8,72.8,299.49066,298.5208,2.19E-06,3.02E-07,101243.62,3,0
413,18-03-24,19.05,72.8,300.18518,298.6008,3.05E-06,3.50E-07,101236.73,3,0
436,19-03-24,18.8,72.8,300.81543,299.08072,9.34E-06,9.30E-07,101209.57,3,0
437,19-03-24,19.05,72.8,301.69012,299.2592,1.77E-05,1.23E-06,101209.62,3,0
460,20-03-24,18.8,72.8,303.02753,300.71808,0,0,101102.59,3,0
461,20-03-24,19.05,72.8,303.81055,300.99997,0,0,101103.41,3,0
484,21-03-24,18.8,72.8,303.76797,300.99435,0,0,100964.68,3,0
485,21-03-24,19.05,72.8,304.78427,301.26297,0,0,100963.48,3,1
508,22-03-24,18.8,72.8,300.96417,299.90372,0,0,100939.98,3,0
509,22-03-24,19.05,72.8,301.25314,299.97388,0,0,100934.59,3,0
532,23-03-24,18.8,72.8,300.71674,299.37985,0,0,100945.72,3,0
533,23-03-24,19.05,72.8,301.44992,299.57578,9.53E-07,5.56E-08,100938.94,3,0
556,24-03-24,18.8,72.8,300.7956,299.69495,0,0,101098.4,3,0
557,24-03-24,19.05,72.8,301.71127,299.96127,0,0,101092.85,3,0
580,25-03-24,18.8,72.8,301.27136,300.09515,0,0,101134.9,3,0
581,25-03-24,19.05,72.8,302.2406,300.37045,0,0,101128.98,3,0
604,26-03-24,18.8,72.8,301.2095,300.02783,0,0,101093.555,3,0
605,26-03-24,19.05,72.8,302.07013,300.2839,0,0,101084.88,3,0
628,27-03-24,18.8,72.8,300.9255,299.84772,0,0,101252.97,3,0
629,27-03-24,19.05,72.8,301.61566,300.12836,0,0,101241.62,3,0
652,28-03-24,18.8,72.8,301.0495,300.05508,0,0,101151.02,3,0
653,28-03-24,19.05,72.8,301.81586,300.26132,0,0,101141.086,3,0
676,29-03-24,18.8,72.8,301.771,300.46594,0,0,101032.414,3,0
677,29-03-24,19.05,72.8,302.64822,300.78763,0,0,101021.68,3,0
698,30-03-24,18.8,72.8,301.8059,300.73407,0,0,101168.53,3,0
699,30-03-24,19.05,72.8,302.72675,301.07333,0,0,101162.086,3,0
720,31-03-24,18.8,72.8,302.19128,301.06888,0,0,101234.27,3,0
721,31-03-24,19.05,72.8,303.12653,301.35623,0,0,101239.02,3,0
6,01-04-24,18.8,72.8,302.151,300.6727,0,0,101024.805,4,0
7,01-04-24,19.05,72.8,303.22922,300.935,0,0,101022.65,4,0
30,02-04-24,18.8,72.8,301.23196,300.06802,0,0,100885,4,0
31,02-04-24,19.05,72.8,301.77173,300.22287,0,0,100877.29,4,0
54,03-04-24,18.8,72.8,301.18295,299.98428,9.53E-08,3.97E-09,100978.19,4,0
55,03-04-24,19.05,72.8,301.9955,300.20236,3.82E-07,1.59E-08,100971.164,4,0
78,04-04-24,18.8,72.8,301.59827,300.20425,0,0,101025.055,4,0
79,04-04-24,19.05,72.8,302.36426,300.46506,0,0,101022.15,4,0
102,05-04-24,18.8,72.8,302.49023,300.89993,0,0,100956.29,4,0
103,05-04-24,19.05,72.8,303.51404,301.3464,0,0,100950.65,4,0
126,06-04-24,18.8,72.8,303.6446,301.83926,0,0,100824.63,4,0
127,06-04-24,19.05,72.8,304.47763,302.2428,0,0,100825.84,4,1
150,07-04-24,18.8,72.8,302.78577,301.48425,0,0,100810.19,4,0
151,07-04-24,19.05,72.8,303.63837,301.7698,0,0,100806.62,4,0
174,08-04-24,18.8,72.8,301.833,300.5735,0,0,100882.305,4,0
175,08-04-24,19.05,72.8,302.68634,300.79172,0,0,100875.93,4,0
198,09-04-24,18.8,72.8,301.88364,300.44473,0,0,100914.01,4,0
199,09-04-24,19.05,72.8,302.47467,300.5898,1.91E-07,7.94E-09,100905.79,4,0
222,10-04-24,18.8,72.8,301.7079,300.25668,4.48E-06,3.14E-07,100931.09,4,0
223,10-04-24,19.05,72.8,302.13287,300.4357,4.20E-06,3.26E-07,100926.875,4,0
246,11-04-24,18.8,72.8,301.464,300.39316,5.72E-07,3.58E-08,100957.875,4,0
247,11-04-24,19.05,72.8,301.9994,300.61288,0,0,100951.6,4,0
270,12-04-24,18.8,72.8,300.992,300.127,1.34E-06,9.54E-08,100941.97,4,0
271,12-04-24,19.05,72.8,301.61182,300.34418,2.29E-06,1.75E-07,100936.586,4,0
294,13-04-24,18.8,72.8,300.6836,299.82553,3.43E-06,2.38E-07,101024.07,4,0
295,13-04-24,19.05,72.8,301.24664,300.02246,2.29E-06,1.59E-07,101020.055,4,0
318,14-04-24,18.8,72.8,301.41187,300.14386,5.72E-07,4.77E-08,101057.03,4,0
319,14-04-24,19.05,72.8,302.39972,300.45816,1.53E-06,1.43E-07,101054.34,4,0
342,15-04-24,18.8,72.8,303.45645,301.9111,0,0,100979.375,4,0
343,15-04-24,19.05,72.8,304.60526,302.49747,0,0,100971.445,4,1
366,16-04-24,18.8,72.8,305.2928,303.46198,7.02E-05,2.92E-06,100848.055,4,1
367,16-04-24,19.05,72.8,306.6588,304.29767,1.62E-08,6.74E-10,100829.16,4,1
390,17-04-24,18.8,72.8,303.46356,302.57278,0,0,100868.59,4,0
391,17-04-24,19.05,72.8,304.41895,303.02075,0,0,100853.836,4,1
414,18-04-24,18.8,72.8,303.2659,302.33932,2.86E-07,4.77E-08,100841.695,4,0
415,18-04-24,19.05,72.8,304.1363,302.69742,4.77E-07,5.16E-08,100831.15,4,1
438,19-04-24,18.8,72.8,303.36713,302.5765,0,0,100698.65,4,0
439,19-04-24,19.05,72.8,304.47498,303.0356,6.48E-06,7.59E-07,100684.47,4,1
462,20-04-24,18.8,72.8,304.33722,302.9432,4.20E-06,1.75E-07,100720.98,4,1
463,20-04-24,19.05,72.8,305.2002,303.3701,7.63E-06,4.25E-07,100710.336,4,1
486,21-04-24,18.8,72.8,303.39664,302.23483,0,0,100779.875,4,0
487,21-04-24,19.05,72.8,304.21246,302.55185,0,0,100776.555,4,1
510,22-04-24,18.8,72.8,303.00092,301.95132,9.53E-07,3.97E-08,100860.01,4,0
511,22-04-24,19.05,72.8,303.90625,302.29233,1.68E-05,9.53E-07,100854.1,4,0
534,23-04-24,18.8,72.8,302.97464,301.6805,0,0,100751.555,4,0
535,23-04-24,19.05,72.8,303.92224,302.07187,0,0,100746.57,4,0
558,24-04-24,18.8,72.8,302.79587,301.48703,0,0,100655.125,4,0
559,24-04-24,19.05,72.8,303.7834,301.8023,0,0,100646.875,4,0
582,25-04-24,18.8,72.8,303.01907,301.89673,0,0,100707.82,4,0
583,25-04-24,19.05,72.8,303.94104,302.2805,0,0,100701.23,4,0
606,26-04-24,18.8,72.8,303.4555,302.16367,0,0,100687.625,4,0
607,26-04-24,19.05,72.8,304.2558,302.55164,8.96E-06,3.77E-07,100681.78,4,1
630,27-04-24,18.8,72.8,303.3419,302.18155,0,0,100692.41,4,0
631,27-04-24,19.05,72.8,304.3829,302.6848,0,0,100689.32,4,1
654,28-04-24,18.8,72.8,305.15295,303.56454,0,0,100649.35,4,1
655,28-04-24,19.05,72.8,306.20532,304.14417,0,0,100649.47,4,1
678,29-04-24,18.8,72.8,304.98526,303.53952,0,0,100777.65,4,1
679,29-04-24,19.05,72.8,306.1675,304.0638,0,0,100774.5,4,1
700,30-04-24,18.8,72.8,304.46976,303.12997,0,0,100693.65,4,1
701,30-04-24,19.05,72.8,305.52643,303.63858,0,0,100687.88,4,1
8,01-05-24,18.8,72.8,303.05615,302.3444,0,0,100609.336,5,0
9,01-05-24,19.05,72.8,303.93048,302.6805,0,0,100594,5,0
32,02-05-24,18.8,72.8,302.7322,301.58856,0,0,100652.53,5,0
33,02-05-24,19.05,72.8,303.15497,301.8137,0,0,100639.78,5,0
56,03-05-24,18.8,72.8,302.1422,301.0878,0,0,100751.695,5,0
57,03-05-24,19.05,72.8,302.737,301.32852,0,0,100742.68,5,0
80,04-05-24,18.8,72.8,302.54556,301.34424,1.18E-05,1.17E-06,100849.79,5,0
81,04-05-24,19.05,72.8,303.4856,301.72183,1.03E-05,1.04E-06,100837.72,5,0
104,05-05-24,18.8,72.8,303.2578,302.12753,9.53E-08,3.97E-09,100673.91,5,0
105,05-05-24,19.05,72.8,304.01227,302.54694,0,0,100660.49,5,0
128,06-05-24,18.8,72.8,302.59476,301.9609,8.11E-06,1.13E-06,100758.875,5,0
129,06-05-24,19.05,72.8,303.2232,302.28873,6.48E-06,6.28E-07,100746.28,5,0
152,07-05-24,18.8,72.8,302.66733,302.00095,5.05E-06,6.72E-07,100851.63,5,0
153,07-05-24,19.05,72.8,302.94962,302.1897,2.86E-06,3.02E-07,100839.195,5,0
176,08-05-24,18.8,72.8,302.6334,301.78262,3.43E-06,7.91E-07,100820.555,5,0
177,08-05-24,19.05,72.8,303.0586,302.07645,5.91E-06,1.45E-06,100807.96,5,0
200,09-05-24,18.8,72.8,302.60834,301.78964,1.78E-05,2.87E-06,100756.43,5,0
201,09-05-24,19.05,72.8,303.06308,302.05737,1.59E-05,2.43E-06,100747.27,5,0
224,10-05-24,18.8,72.8,302.4801,301.66354,3.05E-06,4.97E-07,100868.82,5,0
225,10-05-24,19.05,72.8,303.1491,301.8863,2.67E-06,5.21E-07,100860.74,5,0
248,11-05-24,18.8,72.8,302.78775,301.942,5.72E-07,5.56E-08,100927.9,5,0
249,11-05-24,19.05,72.8,303.49197,302.21872,1.14E-06,7.94E-08,100919.93,5,0
272,12-05-24,18.8,72.8,302.9334,302.09344,5.93E-05,8.72E-06,100940.5,5,0
273,12-05-24,19.05,72.8,303.4322,302.28525,0.000103918,1.76E-05,100935.16,5,0
296,13-05-24,18.8,72.8,303.29288,302.31168,0.000629619,4.84E-05,100871.1,5,0
297,13-05-24,19.05,72.8,304.11432,302.6368,0.000117419,7.88E-06,100865.28,5,1
320,14-05-24,18.8,72.8,303.96265,302.87936,0.000106398,4.49E-06,100800.32,5,0
321,14-05-24,19.05,72.8,304.8557,303.37366,0.000178762,7.72E-06,100794.02,5,1
344,15-05-24,18.8,72.8,303.67795,302.80478,0,0,100848.29,5,0
345,15-05-24,19.05,72.8,304.47495,303.1672,0,0,100837.47,5,1
368,16-05-24,18.8,72.8,303.93253,303.01794,8.20E-06,5.84E-07,100803.84,5,0
369,16-05-24,19.05,72.8,304.90045,303.45065,1.66E-05,1.86E-06,100788.98,5,1
392,17-05-24,18.8,72.8,303.59888,302.9428,9.92E-06,6.32E-07,100735.04,5,0
393,17-05-24,19.05,72.8,304.0009,303.17688,0,0,100722.94,5,0
416,18-05-24,18.8,72.8,303.85004,303.04855,1.36E-05,2.36E-06,100520.22,5,0
417,18-05-24,19.05,72.8,304.25922,303.34744,1.11E-05,1.36E-06,100507.19,5,1
440,19-05-24,18.8,72.8,304.20673,303.29092,2.86E-07,2.38E-08,100349.24,5,1
441,19-05-24,19.05,72.8,304.87817,303.64725,0,0,100333.49,5,1
464,20-05-24,18.8,72.8,304.27667,303.18625,0,0,100384.1,5,1
465,20-05-24,19.05,72.8,305.02985,303.54276,0,0,100362.48,5,1
488,21-05-24,18.8,72.8,303.9234,303.20737,0,0,100343.82,5,0
489,21-05-24,19.05,72.8,304.88727,303.70535,0,0,100321.63,5,1
512,22-05-24,18.8,72.8,303.82535,303.05243,1.18E-05,1.75E-06,100310.31,5,0
513,22-05-24,19.05,72.8,304.56793,303.53857,6.29E-06,1.34E-06,100293.805,5,1
536,23-05-24,18.8,72.8,303.68488,302.9519,1.05E-06,1.51E-07,100226.65,5,0
537,23-05-24,19.05,72.8,304.56042,303.36227,1.91E-07,1.59E-08,100209.41,5,1
560,24-05-24,18.8,72.8,303.46674,302.83008,9.73E-06,2.01E-06,100229.29,5,0
561,24-05-24,19.05,72.8,304.0835,303.20682,6.58E-06,1.10E-06,100209.945,5,1
584,25-05-24,18.8,72.8,303.53738,302.84073,0.000108523,2.29E-05,100344.37,5,0
585,25-05-24,19.05,72.8,303.98505,303.20987,0.000112914,1.99E-05,100327.46,5,0
608,26-05-24,18.8,72.8,303.3698,303.02963,0.00010796,3.37E-05,100439.35,5,0
609,26-05-24,19.05,72.8,303.83054,303.38828,9.17E-05,2.52E-05,100422.06,5,0
632,27-05-24,18.8,72.8,303.3703,302.99307,0.000104527,3.72E-05,100423.664,5,0
633,27-05-24,19.05,72.8,303.6403,303.26205,8.75E-05,2.22E-05,100405.375,5,0
656,28-05-24,18.8,72.8,303.53812,303.03366,0.000144575,2.46E-05,100447.555,5,0
657,28-05-24,19.05,72.8,303.92517,303.3562,0.000126833,1.69E-05,100428.5,5,0
680,29-05-24,18.8,72.8,303.8483,303.27032,2.97E-05,9.41E-06,100446.125,5,0
681,29-05-24,19.05,72.8,304.10886,303.4999,4.41E-05,7.18E-06,100429.445,5,1
702,30-05-24,18.8,72.8,304.35303,303.46695,0.000119784,1.78E-05,100546.664,5,1
703,30-05-24,19.05,72.8,304.68475,303.76987,0.000106235,1.59E-05,100530.93,5,1
722,31-05-24,18.8,72.8,303.95227,303.15518,0.000266476,9.50E-05,100627.21,5,0
723,31-05-24,19.05,72.8,304.39984,303.44528,0.000231942,8.50E-05,100615.9,5,1
10,01-06-24,18.8,72.8,303.91193,302.9686,0.000114834,2.38E-05,100603.99,6,0
11,01-06-24,19.05,72.8,304.38547,303.3207,8.91E-05,2.01E-05,100590.22,6,1
34,02-06-24,18.8,72.8,304.10492,303.34943,9.25E-05,1.65E-05,100624.555,6,1
35,02-06-24,19.05,72.8,304.63803,303.66592,9.81E-05,1.86E-05,100613.63,6,1
58,03-06-24,18.8,72.8,303.89072,303.19693,0.000203899,2.95E-05,100640.26,6,0
59,03-06-24,19.05,72.8,304.27502,303.49564,0.000209424,3.72E-05,100631.75,6,1
82,04-06-24,18.8,72.8,303.5133,302.88882,0.000802492,6.94E-05,100693.02,6,0
83,04-06-24,19.05,72.8,304.0223,303.26627,0.000518977,4.16E-05,100680.99,6,0
106,05-06-24,18.8,72.8,303.7555,302.67114,0.000434637,0.000115349,100735.914,6,0
107,05-06-24,19.05,72.8,304.13312,303.00186,0.000319632,0.000121179,100723.195,6,1
130,06-06-24,18.8,72.8,303.75128,302.6305,0.000503869,0.000120393,100792.125,6,0
131,06-06-24,19.05,72.8,304.20245,303.0065,0.000269128,7.33E-05,100781.77,6,1
154,07-06-24,18.8,72.8,304.43973,303.41068,0.000545751,6.22E-05,100632.914,6,1
155,07-06-24,19.05,72.8,304.97217,303.7073,0.000116694,2.75E-05,100622.4,6,1
178,08-06-24,18.8,72.8,304.53467,303.3268,0.000363245,3.34E-05,100494.71,6,1
179,08-06-24,19.05,72.8,305.20618,303.62045,0.000108903,1.95E-05,100484.19,6,1
202,09-06-24,18.8,72.8,303.76614,302.33118,0.001666108,0.000444766,100513.68,6,0
203,09-06-24,19.05,72.8,304.2278,302.9352,0.001268799,0.000340393,100497.02,6,1
226,10-06-24,18.8,72.8,303.3062,301.35617,0.004629724,0.001370559,100641.62,6,0
227,10-06-24,19.05,72.8,303.33115,301.5574,0.00392551,0.001219701,100628.836,6,0
250,11-06-24,18.8,72.8,301.50607,300.89554,0.001794444,0.000541101,100699.73,6,0
251,11-06-24,19.05,72.8,301.88034,301.35226,0.000952081,0.000384121,100679.31,6,0
274,12-06-24,18.8,72.8,301.95868,301.20306,0.002279267,0.000564684,100756.18,6,0
275,12-06-24,19.05,72.8,302.28583,301.52658,0.002106494,0.000510048,100741.98,6,0
298,13-06-24,18.8,72.8,301.59454,301.03546,0.002381025,0.00070311,100708.54,6,0
299,13-06-24,19.05,72.8,302.25525,301.37607,0.002937985,0.000651844,100690.97,6,0
322,14-06-24,18.8,72.8,301.79388,301.02036,0.000642981,0.00032229,100620.24,6,0
323,14-06-24,19.05,72.8,302.2543,301.26807,0.000664732,0.000305144,100604.96,6,0
346,15-06-24,18.8,72.8,301.9428,300.94992,0.000685329,0.000272109,100543.71,6,0
347,15-06-24,19.05,72.8,302.32114,301.27945,0.000657024,0.000272032,100529.62,6,0
370,16-06-24,18.8,72.8,302.95007,301.68115,0.000466302,0.000132371,100575.12,6,0
371,16-06-24,19.05,72.8,303.34906,301.98334,0.000366144,0.000126907,100564.02,6,0
394,17-06-24,18.8,72.8,302.6528,301.56015,0.001213941,0.000420922,100620.26,6,0
395,17-06-24,19.05,72.8,302.93994,301.8199,0.001027293,0.000441622,100607.4,6,0
418,18-06-24,18.8,72.8,301.9776,301.18735,0.00120306,0.000506275,100593.75,6,0
419,18-06-24,19.05,72.8,302.11868,301.45932,0.001647814,0.000583805,100577.35,6,0
442,19-06-24,18.8,72.8,301.60077,300.83014,0.002601533,0.001107498,100415.23,6,0
443,19-06-24,19.05,72.8,301.5136,301.01035,0.002812375,0.001137058,100396.71,6,0
466,20-06-24,18.8,72.8,302.93573,301.1948,0.002970002,0.001353113,100293.28,6,0
467,20-06-24,19.05,72.8,302.95966,301.3829,0.003165718,0.001327472,100265.35,6,0
490,21-06-24,18.8,72.8,302.21494,301.38467,0.000696566,0.000356181,100355.125,6,0
491,21-06-24,19.05,72.8,302.84058,301.71146,0.000666337,0.000348955,100329.88,6,0
514,22-06-24,18.8,72.8,302.213,301.32364,0.000706133,0.000265979,100249.22,6,0
515,22-06-24,19.05,72.8,302.70062,301.53754,0.000473392,0.000237144,100230.13,6,0
538,23-06-24,18.8,72.8,302.0501,301.04102,0.002846107,0.000656455,100151.79,6,0
539,23-06-24,19.05,72.8,302.42596,301.27908,0.003373876,0.000725035,100136.44,6,0
562,24-06-24,18.8,72.8,302.21527,300.94376,0.004091368,0.001152563,99972.79,6,0
563,24-06-24,19.05,72.8,302.64236,301.16028,0.003611864,0.001193882,99961.12,6,0
586,25-06-24,18.8,72.8,302.86047,301.72305,0.001782946,0.000439593,99785.305,6,0
587,25-06-24,19.05,72.8,303.1997,301.9421,0.001593757,0.000400807,99778.71,6,0
610,26-06-24,18.8,72.8,302.43222,301.5196,0.00276856,0.000889434,99790.21,6,0
611,26-06-24,19.05,72.8,302.70557,301.77405,0.002426399,0.000687073,99767.836,6,0
634,27-06-24,18.8,72.8,302.31644,301.3924,0.004815716,0.002433161,100058.914,6,0
635,27-06-24,19.05,72.8,302.4263,301.6015,0.004964292,0.002094475,100026.1,6,0
658,28-06-24,18.8,72.8,301.60406,300.9479,0.002441887,0.001015211,100175.72,6,0
659,28-06-24,19.05,72.8,301.58243,301.05896,0.001882616,0.000948282,100154.01,6,0
682,29-06-24,18.8,72.8,302.24744,300.96896,0.000663737,0.000409394,100276.48,6,0
683,29-06-24,19.05,72.8,302.37234,301.091,0.000733866,0.000394383,100254.72,6,0
704,30-06-24,18.8,72.8,302.22354,301.31485,0.001411019,0.000582286,100325.34,6,0
705,30-06-24,19.05,72.8,302.2844,301.38815,0.001735648,0.000622402,100297.94,6,0
12,01-07-24,18.8,72.8,301.85052,301.17105,0.001287498,0.000513952,100274.164,7,0
13,01-07-24,19.05,72.8,302.2597,301.3173,0.000983533,0.000462524,100237.15,7,0
36,02-07-24,18.8,72.8,302.41077,301.6562,0.00274394,0.000740292,100224.27,7,0
37,02-07-24,19.05,72.8,302.60925,301.8655,0.002659156,0.000571757,100193.625,7,0
60,03-07-24,18.8,72.8,302.4683,302.13394,0.000641838,0.000341003,100297.37,7,0
61,03-07-24,19.05,72.8,302.83154,302.36945,0.000557732,0.000310796,100266.664,7,0
84,04-07-24,18.8,72.8,302.08777,301.4249,0.000415673,0.000324238,100401.68,7,0
85,04-07-24,19.05,72.8,302.3523,301.72058,0.000438814,0.000300174,100371.086,7,0
108,05-07-24,18.8,72.8,301.7814,301.02597,0.000647553,0.000382926,100242.586,7,0
109,05-07-24,19.05,72.8,302.00482,301.21088,0.000621376,0.000355404,100215.77,7,0
132,06-07-24,18.8,72.8,301.89844,301.06802,0.000910826,0.000408219,100142.74,7,0
133,06-07-24,19.05,72.8,302.2654,301.31583,0.000813931,0.000372901,100108.73,7,0
156,07-07-24,18.8,72.8,301.97858,301.41922,0.000376102,0.000275021,100236.57,7,0
157,07-07-24,19.05,72.8,302.42398,301.69305,0.000330368,0.000237195,100210.56,7,0
180,08-07-24,18.8,72.8,301.2307,300.39307,0.000868196,0.000435048,100244.52,7,0
181,08-07-24,19.05,72.8,301.68,300.63614,0.000653114,0.000363089,100223.63,7,0
204,09-07-24,18.8,72.8,300.8463,300.33066,0.008658595,0.0024365,100360.73,7,0
205,09-07-24,19.05,72.8,300.84784,300.37216,0.005960055,0.002225036,100339.71,7,0
228,10-07-24,18.8,72.8,301.26096,300.5,0.001280996,0.000476538,100621.02,7,0
229,10-07-24,19.05,72.8,301.3988,300.68924,0.001115526,0.000404756,100601.53,7,0
252,11-07-24,18.8,72.8,300.89758,300.23923,0.002644265,0.001124354,100621.18,7,0
253,11-07-24,19.05,72.8,301.13553,300.4141,0.003070818,0.001141932,100599.98,7,0
276,12-07-24,18.8,72.8,301.01227,300.30945,0.004012077,0.002045307,100421.16,7,0
277,12-07-24,19.05,72.8,300.9975,300.44714,0.003864474,0.002005507,100397.73,7,0
300,13-07-24,18.8,72.8,301.00037,300.3799,0.004835744,0.002478031,100351.65,7,0
301,13-07-24,19.05,72.8,300.95575,300.40283,0.005258817,0.00276801,100319.94,7,0
324,14-07-24,18.8,72.8,300.38715,299.96207,0.002413721,0.001583057,100170.79,7,0
325,14-07-24,19.05,72.8,300.72653,300.15298,0.001887717,0.001229698,100150.06,7,0
348,15-07-24,18.8,72.8,300.58185,300.1685,0.001653552,0.000741562,100114.68,7,0
349,15-07-24,19.05,72.8,300.94922,300.43988,0.001012131,0.000546525,100097.28,7,0
372,16-07-24,18.8,72.8,301.06824,300.33954,0.002052842,0.001008093,100079.06,7,0
373,16-07-24,19.05,72.8,301.2492,300.50504,0.001810887,0.000754235,100055.78,7,0
396,17-07-24,18.8,72.8,301.10553,300.3856,0.003910114,0.001572551,100200.805,7,0
397,17-07-24,19.05,72.8,301.3252,300.6098,0.003383581,0.001275934,100177.336,7,0
420,18-07-24,18.8,72.8,300.8925,300.27808,0.006208912,0.003004969,100269.48,7,0
421,18-07-24,19.05,72.8,301.12225,300.41034,0.005063012,0.002574402,100243.836,7,0
444,19-07-24,18.8,72.8,300.94714,300.3455,0.003177568,0.001481377,100099.51,7,0
445,19-07-24,19.05,72.8,301.00177,300.42667,0.002479533,0.001377599,100067.32,7,0
468,20-07-24,18.8,72.8,300.65552,300.22012,0.008697681,0.003825896,100190.19,7,0
469,20-07-24,19.05,72.8,300.80215,300.34506,0.00776922,0.003997592,100156.164,7,0
492,21-07-24,18.8,72.8,300.61713,300.2355,0.003717606,0.002038581,100210.56,7,0
493,21-07-24,19.05,72.8,300.81384,300.4074,0.003723253,0.001904136,100178.97,7,0
516,22-07-24,18.8,72.8,300.8992,300.46072,0.002879865,0.001496304,100403.65,7,0
517,22-07-24,19.05,72.8,300.86688,300.48743,0.002910245,0.001466106,100369.305,7,0
540,23-07-24,18.8,72.8,300.8103,300.2101,0.004356995,0.002047047,100495.81,7,0
541,23-07-24,19.05,72.8,300.89456,300.34293,0.004028358,0.001885164,100460.37,7,0
564,24-07-24,18.8,72.8,300.62305,300.13684,0.003094055,0.00199908,100249.125,7,0
565,24-07-24,19.05,72.8,300.84354,300.32455,0.003658153,0.001802086,100213.805,7,0
588,25-07-24,18.8,72.8,300.8595,300.3052,0.003656039,0.001860341,100142.63,7,0
589,25-07-24,19.05,72.8,301.0366,300.52063,0.002328007,0.001248867,100108.664,7,0
612,26-07-24,18.8,72.8,301.25372,300.94785,0.000776261,0.000436629,100286.44,7,0
613,26-07-24,19.05,72.8,301.64502,301.16904,0.000714851,0.000410045,100254.1,7,0
636,27-07-24,18.8,72.8,300.8996,300.66788,0.000862895,0.000451835,100362.23,7,0
637,27-07-24,19.05,72.8,301.15237,300.8323,0.00107703,0.000451964,100328.47,7,0
660,28-07-24,18.8,72.8,300.96494,300.58017,0.001611483,0.000622318,100138.53,7,0
661,28-07-24,19.05,72.8,301.25174,300.70193,0.001550249,0.00063424,100110.99,7,0
684,29-07-24,18.8,72.8,300.65897,300.17545,0.001688804,0.000873011,99997.99,7,0
685,29-07-24,19.05,72.8,300.9939,300.3981,0.001542865,0.000646232,99973.445,7,0
706,30-07-24,18.8,72.8,300.8565,300.15732,0.001553445,0.000647345,100302.78,7,0
707,30-07-24,19.05,72.8,300.743,300.2593,0.001592869,0.000587032,100278.586,7,0
724,31-07-24,18.8,72.8,300.4714,299.8971,0.001386479,0.000512498,100545.71,7,0
725,31-07-24,19.05,72.8,300.91187,300.1555,0.000952355,0.000423538,100521.23,7,0
14,01-08-24,18.8,72.8,300.61353,299.93164,0.00113044,0.000501866,100535.24,8,0
15,01-08-24,19.05,72.8,300.95706,300.17984,0.001007516,0.00042381,100508.5,8,0
38,02-08-24,18.8,72.8,299.77942,299.5955,0.00175108,0.000872119,100519.54,8,0
39,02-08-24,19.05,72.8,300.28668,299.85654,0.001818262,0.000729206,100488.91,8,0
62,03-08-24,18.8,72.8,299.99887,299.7146,0.002651413,0.001254617,100524.77,8,0
63,03-08-24,19.05,72.8,300.2204,299.8494,0.001832541,0.001150052,100490.1,8,0
86,04-08-24,18.8,72.8,300.1078,299.87503,0.003221936,0.001982792,100573.35,8,0
87,04-08-24,19.05,72.8,300.2822,300.00443,0.003397993,0.002170549,100541.195,8,0
110,05-08-24,18.8,72.8,300.8266,300.12518,0.00110265,0.000491284,100660.625,8,0
111,05-08-24,19.05,72.8,300.9746,300.30295,0.00096315,0.000442676,100636.66,8,0
134,06-08-24,18.8,72.8,300.75113,300.062,0.000622516,0.000282917,100671.6,8,0
135,06-08-24,19.05,72.8,300.82663,300.2369,0.000497388,0.000251138,100650.945,8,0
158,07-08-24,18.8,72.8,300.80475,300.16675,0.000571275,0.000246423,100694.52,8,0
159,07-08-24,19.05,72.8,301.1356,300.42606,0.000440605,0.000198015,100673.26,8,0
182,08-08-24,18.8,72.8,300.94617,299.97827,0.000435248,0.000202416,100780.49,8,0
183,08-08-24,19.05,72.8,301.22958,300.25482,0.00036003,0.000174739,100760.54,8,0
206,09-08-24,18.8,72.8,300.78302,299.8582,0.000646965,0.000295749,100864.65,8,0
207,09-08-24,19.05,72.8,301.0387,300.0671,0.000613955,0.000254932,100846.75,8,0
230,10-08-24,18.8,72.8,300.81793,299.97812,0.000513244,0.000276824,100877.375,8,0
231,10-08-24,19.05,72.8,301.02908,300.1313,0.000558288,0.000272355,100859.82,8,0
254,11-08-24,18.8,72.8,301.2078,300.82935,0.000294739,0.000144004,100701.13,8,0
255,11-08-24,19.05,72.8,301.36804,300.96634,0.000318291,0.000148109,100683.28,8,0
278,12-08-24,18.8,72.8,301.34656,300.4857,0.000615139,0.000201741,100656.09,8,0
279,12-08-24,19.05,72.8,301.59412,300.62286,0.000600955,0.000213511,100639.96,8,0
302,13-08-24,18.8,72.8,301.46985,300.70773,0.000202735,9.03E-05,100711.4,8,0
303,13-08-24,19.05,72.8,301.73523,300.8184,0.00024551,9.39E-05,100702.25,8,0
326,14-08-24,18.8,72.8,301.78745,300.91406,0.000163936,4.55E-05,100708.29,8,0
327,14-08-24,19.05,72.8,302.00882,301.0682,0.000189557,5.15E-05,100702.21,8,0
350,15-08-24,18.8,72.8,301.32172,300.88184,0.000107863,4.15E-05,100625.055,8,0
351,15-08-24,19.05,72.8,301.68607,301.05212,0.000150316,6.23E-05,100615.9,8,0
374,16-08-24,18.8,72.8,301.7224,301.01633,0.000139528,4.98E-05,100510.9,8,0
375,16-08-24,19.05,72.8,302.09387,301.187,0.00013226,5.85E-05,100502.23,8,0
398,17-08-24,18.8,72.8,301.7927,301.10092,0.000138835,3.83E-05,100596.62,8,0
399,17-08-24,19.05,72.8,302.18665,301.2825,0.000193587,4.32E-05,100590.06,8,0
422,18-08-24,18.8,72.8,301.9264,301.0849,0.000415614,6.88E-05,100676.21,8,0
423,18-08-24,19.05,72.8,302.5998,301.2808,0.000296461,7.70E-05,100672.54,8,0
446,19-08-24,18.8,72.8,302.2169,301.1882,0.001554295,0.00024842,100600.836,8,0
447,19-08-24,19.05,72.8,302.91406,301.4852,0.001554682,0.000205575,100596.96,8,0
470,20-08-24,18.8,72.8,301.52402,300.9904,0.001125889,0.000342823,100560.16,8,0
471,20-08-24,19.05,72.8,301.86194,301.3253,0.000472007,0.000166702,100553.35,8,0
494,21-08-24,18.8,72.8,302.16614,301.23093,0.00028618,2.70E-05,100570.04,8,0
495,21-08-24,19.05,72.8,302.64465,301.4657,0.000379964,4.76E-05,100567.71,8,0
518,22-08-24,18.8,72.8,302.14795,301.33743,0.00021347,4.68E-05,100500.18,8,0
519,22-08-24,19.05,72.8,302.6987,301.57498,0.000310069,6.62E-05,100492.625,8,0
542,23-08-24,18.8,72.8,301.41513,300.83817,0.001884012,0.000778348,100558.875,8,0
543,23-08-24,19.05,72.8,301.40234,301.0213,0.004207687,0.001264146,100551.41,8,0
566,24-08-24,18.8,72.8,300.6086,299.8812,0.010355063,0.003908503,100690.055,8,0
567,24-08-24,19.05,72.8,300.68213,300.03696,0.011296414,0.00386985,100666.5,8,0
590,25-08-24,18.8,72.8,300.29172,299.75314,0.003153382,0.001578331,100589.43,8,0
591,25-08-24,19.05,72.8,300.3175,299.8371,0.002800709,0.001276708,100554.4,8,0
614,26-08-24,18.8,72.8,300.29422,299.74295,0.001685427,0.00088321,100416.16,8,0
615,26-08-24,19.05,72.8,300.52924,300.0853,0.002884107,0.000885157,100373.445,8,0
638,27-08-24,18.8,72.8,300.31067,299.6771,0.001415017,0.000699447,100495.625,8,0
639,27-08-24,19.05,72.8,300.617,299.8077,0.001158127,0.000598718,100457.164,8,0
662,28-08-24,18.8,72.8,301.3846,300.64777,0.000786068,0.000462953,100582.836,8,0
663,28-08-24,19.05,72.8,301.51846,300.79605,0.00072003,0.000415176,100547.875,8,0
686,29-08-24,18.8,72.8,301.17413,300.7158,0.000864385,0.000294648,100533.625,8,0
687,29-08-24,19.05,72.8,301.51425,300.92328,0.000971182,0.000284056,100505.875,8,0
708,30-08-24,18.8,72.8,301.3499,300.34018,0.000626072,0.000278841,100613,8,0
709,30-08-24,19.05,72.8,301.56097,300.54544,0.000663589,0.000271139,100596.664,8,0
726,31-08-24,18.8,72.8,301.53586,300.35526,0.00043468,0.000194982,100739.15,8,0
727,31-08-24,19.05,72.8,301.93417,300.67007,0.000388421,0.000162827,100727.22,8,0
16,01-09-24,18.8,72.8,301.09537,300.25974,0.000255676,0.000124784,100715.96,9,0
17,01-09-24,19.05,72.8,301.52493,300.55698,0.000230187,0.0001,100703.56,9,0
40,02-09-24,18.8,72.8,300.7916,300.29648,0.00262037,0.00117831,100593.13,9,0
41,02-09-24,19.05,72.8,300.98123,300.39407,0.003801794,0.001177239,100582.19,9,0
64,03-09-24,18.8,72.8,300.54144,300.05658,0.001021002,0.000428679,100639.18,9,0
65,03-09-24,19.05,72.8,300.65088,300.22696,0.000825522,0.000371086,100621.41,9,0
88,04-09-24,18.8,72.8,300.1117,299.5747,0.001283085,0.000572858,100762.055,9,0
89,04-09-24,19.05,72.8,300.36728,299.75797,0.001085633,0.00048859,100740.414,9,0
112,05-09-24,18.8,72.8,300.05878,299.64462,0.001462242,0.000977764,100623.69,9,0
113,05-09-24,19.05,72.8,300.32254,299.88034,0.001550969,0.0010136,100601.04,9,0
136,06-09-24,18.8,72.8,300.24765,299.87515,0.00094307,0.000488241,100706.414,9,0
137,06-09-24,19.05,72.8,300.26797,299.93198,0.000853776,0.000458226,100690.44,9,0
160,07-09-24,18.8,72.8,300.1482,299.63272,0.000417149,0.000311125,100774.85,9,0
161,07-09-24,19.05,72.8,300.4413,299.8267,0.000417915,0.000281315,100758.914,9,0
184,08-09-24,18.8,72.8,300.6972,299.791,0.00032864,0.00018646,100773.91,9,0
185,08-09-24,19.05,72.8,301.041,299.97696,0.000302964,0.000171547,100761.13,9,0
208,09-09-24,18.8,72.8,300.7883,299.82748,0.000494221,0.000248765,100559,9,0
209,09-09-24,19.05,72.8,301.06433,300.08725,0.000452352,0.000219506,100542.914,9,0
232,10-09-24,18.8,72.8,300.8178,299.98746,0.000579411,0.000272194,100457.02,9,0
233,10-09-24,19.05,72.8,300.7541,300.08685,0.000748044,0.000294868,100439.875,9,0
256,11-09-24,18.8,72.8,300.26572,299.48907,0.000693291,0.000354428,100566.96,9,0
257,11-09-24,19.05,72.8,300.46268,299.75348,0.000483591,0.00032024,100548.56,9,0
280,12-09-24,18.8,72.8,301.30768,300.2159,0.000878736,0.000251726,100759.82,9,0
281,12-09-24,19.05,72.8,301.5446,300.3353,0.000778544,0.000240129,100740.75,9,0
304,13-09-24,18.8,72.8,300.91656,300.1338,0.000354276,0.000158998,100799.87,9,0
305,13-09-24,19.05,72.8,301.4027,300.41083,0.000346923,0.000147362,100782.4,9,0
328,14-09-24,18.8,72.8,300.36572,299.5865,0.000354686,0.000179437,100755.26,9,0
329,14-09-24,19.05,72.8,300.5542,299.68756,0.000282747,0.000187882,100738.664,9,0
352,15-09-24,18.8,72.8,300.25687,299.12247,0.0006075,0.000231484,100832.06,9,0
353,15-09-24,19.05,72.8,300.49338,299.3096,0.000559674,0.000209787,100817.73,9,0
376,16-09-24,18.8,72.8,300.50476,299.3829,0.000309289,0.000146747,100892.54,9,0
377,16-09-24,19.05,72.8,300.78592,299.69107,0.000325017,0.000150867,100877.88,9,0
400,17-09-24,18.8,72.8,301.4514,300.04703,0.000190636,8.51E-05,100910.875,9,0
401,17-09-24,19.05,72.8,301.80026,300.3235,0.000215113,9.33E-05,100901.6,9,0
424,18-09-24,18.8,72.8,301.31802,300.13303,0.000191019,7.03E-05,100724.164,9,0
425,18-09-24,19.05,72.8,301.80075,300.46848,0.000207696,5.61E-05,100712.02,9,0
448,19-09-24,18.8,72.8,301.46368,300.75528,6.85E-05,1.73E-05,100754.46,9,0
449,19-09-24,19.05,72.8,301.84448,301.07767,7.79E-05,2.44E-05,100745.88,9,0
472,20-09-24,18.8,72.8,301.76044,301.00394,0.000194537,5.83E-05,100785.086,9,0
473,20-09-24,19.05,72.8,302.11575,301.30765,0.000255293,6.29E-05,100777.02,9,0
496,21-09-24,18.8,72.8,301.70483,301.01486,0.00015506,5.11E-05,100856,9,0
497,21-09-24,19.05,72.8,302.23468,301.23276,0.000207794,6.31E-05,100847.305,9,0
520,22-09-24,18.8,72.8,302.0506,301.3506,0.000233367,7.30E-05,100785.875,9,0
521,22-09-24,19.05,72.8,302.3356,301.43777,0.000229821,7.86E-05,100782.836,9,0
544,23-09-24,18.8,72.8,301.97528,301.3847,0.000738292,0.000169782,100684.37,9,0
545,23-09-24,19.05,72.8,302.2639,301.5157,0.001235484,0.000209788,100679.555,9,0
568,24-09-24,18.8,72.8,301.48026,300.7604,0.002799103,0.000842158,100540.15,9,0
569,24-09-24,19.05,72.8,301.4913,300.83908,0.004505971,0.000924552,100528.71,9,0
592,25-09-24,18.8,72.8,301.17566,300.47745,0.005756851,0.001777253,100441.4,9,0
593,25-09-24,19.05,72.8,301.14734,300.55508,0.006437089,0.001777644,100427.93,9,0
616,26-09-24,18.8,72.8,300.8091,300.37833,0.00460454,0.003201561,100349.49,9,0
617,26-09-24,19.05,72.8,300.9689,300.39597,0.003195465,0.002350494,100328.69,9,0
640,27-09-24,18.8,72.8,300.9639,300.49103,0.003223522,0.00092176,100495.21,9,0
641,27-09-24,19.05,72.8,300.80435,300.4113,0.003632895,0.001617386,100445.91,9,0
664,28-09-24,18.8,72.8,300.8062,300.0746,0.000735833,0.000360045,100813.15,9,0
665,28-09-24,19.05,72.8,300.75955,300.15582,0.000896414,0.000417843,100789.21,9,0
688,29-09-24,18.8,72.8,301.01086,300.33942,0.000288012,0.000123482,101010.22,9,0
689,29-09-24,19.05,72.8,301.21082,300.48865,0.00029486,0.000142628,100999.4,9,0
710,30-09-24,18.8,72.8,301.7975,300.67386,8.31E-05,2.24E-05,101031.44,9,0
711,30-09-24,19.05,72.8,302.27097,300.89722,7.30E-05,2.39E-05,101026.96,9,0
18,01-10-24,18.8,72.8,302.4074,301.19742,2.99E-05,6.53E-06,100819.16,10,0
19,01-10-24,19.05,72.8,303.2089,301.51254,3.13E-05,5.52E-06,100812.84,10,0
42,02-10-24,18.8,72.8,302.15933,301.3527,0.000203072,2.67E-05,100899.664,10,0
43,02-10-24,19.05,72.8,302.62778,301.61383,0.000119087,2.70E-05,100891.055,10,0
66,03-10-24,18.8,72.8,302.28915,301.4722,8.03E-05,1.92E-05,100936.85,10,0
67,03-10-24,19.05,72.8,302.59778,301.7081,3.42E-05,1.47E-05,100927.88,10,0
90,04-10-24,18.8,72.8,301.7329,300.7273,0.000154114,8.30E-05,100938.87,10,0
91,04-10-24,19.05,72.8,302.00073,300.92496,0.000196818,8.87E-05,100931.414,10,0
114,05-10-24,18.8,72.8,301.91248,300.72556,0.000182541,5.51E-05,100974.51,10,0
115,05-10-24,19.05,72.8,302.3381,301.02637,0.000164115,5.20E-05,100968.13,10,0
138,06-10-24,18.8,72.8,302.62604,301.21268,0.000840665,7.13E-05,100960.555,10,0
139,06-10-24,19.05,72.8,303.36914,301.56863,0.000304208,2.83E-05,100959.54,10,0
162,07-10-24,18.8,72.8,303.41083,302.1486,0.000929881,6.46E-05,100999.25,10,0
163,07-10-24,19.05,72.8,304.2218,302.5416,0.001067203,9.46E-05,100998.625,10,1
186,08-10-24,18.8,72.8,303.51105,302.36514,0.000941953,0.000111948,101031.445,10,0
187,08-10-24,19.05,72.8,304.43414,302.7781,3.86E-06,2.89E-07,101024.555,10,1
210,09-10-24,18.8,72.8,302.78668,301.56644,0.000363804,7.41E-05,100909.24,10,0
211,09-10-24,19.05,72.8,303.21014,301.84302,0.000383391,5.31E-05,100910.12,10,0
234,10-10-24,18.8,72.8,303.40665,301.10117,0.004031211,0.000416613,100712.18,10,0
235,10-10-24,19.05,72.8,303.76407,301.30063,0.004351571,0.000420577,100717.5,10,0
258,11-10-24,18.8,72.8,302.83307,301.11227,0.00225574,0.000449417,100663.49,10,0
259,11-10-24,19.05,72.8,303.2352,301.2848,0.002983706,0.00045965,100667.4,10,0
282,12-10-24,18.8,72.8,302.44586,300.557,0.003904115,0.00057908,100782.38,10,0
283,12-10-24,19.05,72.8,302.81256,300.75003,0.004732277,0.000536342,100779.54,10,0
306,13-10-24,18.8,72.8,302.23325,300.58194,0.003925202,0.000629237,100884.74,10,0
307,13-10-24,19.05,72.8,302.84912,300.80276,0.003704448,0.000625398,100884.4,10,0
330,14-10-24,18.8,72.8,302.0879,300.7547,0.001449938,0.000235466,100951.805,10,0
331,14-10-24,19.05,72.8,302.75513,300.92874,0.001739006,0.00024837,100949.055,10,0
354,15-10-24,18.8,72.8,302.08914,300.76562,0.000327895,3.65E-05,100960.01,10,0
355,15-10-24,19.05,72.8,302.60968,300.92804,0.000966022,5.36E-05,100957.65,10,0
378,16-10-24,18.8,72.8,302.59314,300.96732,0.001124606,0.000382001,100882.336,10,0
379,16-10-24,19.05,72.8,303.13553,301.32748,0.002046064,0.00022563,100876.53,10,0
402,17-10-24,18.8,72.8,302.64322,301.01657,0.002391828,0.000383036,100801.23,10,0
403,17-10-24,19.05,72.8,303.24677,301.55698,0.001183249,0.000103599,100794.71,10,0
426,18-10-24,18.8,72.8,303.073,301.78394,0.000421219,7.88E-05,100748.47,10,0
427,18-10-24,19.05,72.8,303.60037,302.08618,0.000518366,8.07E-05,100746.375,10,0
450,19-10-24,18.8,72.8,302.1457,301.1507,0.001655727,0.000170923,100994.84,10,0
451,19-10-24,19.05,72.8,302.68878,301.26633,0.002900362,0.000253931,100993.71,10,0
474,20-10-24,18.8,72.8,302.14917,301.32358,0.000568222,4.59E-05,101085.53,10,0
475,20-10-24,19.05,72.8,302.98853,301.47717,0.00089777,0.000168159,101085.04,10,0
498,21-10-24,18.8,72.8,302.19278,300.98276,0.001885862,0.00018931,101079.72,10,0
499,21-10-24,19.05,72.8,302.62234,301.19815,0.001714018,0.000142781,101076.555,10,0
522,22-10-24,18.8,72.8,302.60522,301.24368,0.001629583,0.00018959,101089.445,10,0
523,22-10-24,19.05,72.8,303.13556,301.3674,0.002275491,0.000258679,101085.19,10,0
546,23-10-24,18.8,72.8,303.17706,301.83844,0.000343335,4.43E-05,101049.875,10,0
547,23-10-24,19.05,72.8,303.76776,302.2274,0.000338711,3.64E-05,101046.62,10,0
570,24-10-24,18.8,72.8,304.02277,302.5299,1.91E-07,1.19E-08,100987.875,10,1
571,24-10-24,19.05,72.8,304.76276,302.7206,0,0,100991.43,10,1
594,25-10-24,18.8,72.8,302.91013,301.88217,0,0,101012.54,10,0
595,25-10-24,19.05,72.8,303.4997,302.11258,0,0,101008.91,10,0
618,26-10-24,18.8,72.8,303.15488,301.66916,0,0,101038.93,10,0
619,26-10-24,19.05,72.8,303.80597,301.73602,0,0,101039.57,10,0
642,27-10-24,18.8,72.8,302.8448,301.60022,0,0,100920.195,10,0
643,27-10-24,19.05,72.8,303.46527,301.68765,0,0,100918.27,10,0
666,28-10-24,18.8,72.8,302.81165,301.72394,9.53E-08,3.97E-09,100786,10,0
667,28-10-24,19.05,72.8,303.4082,301.86053,6.67E-07,4.37E-08,100778.91,10,0
690,29-10-24,18.8,72.8,302.436,301.47778,0.000134924,2.07E-05,100909.41,10,0
691,29-10-24,19.05,72.8,302.83618,301.6593,0.000234028,1.65E-05,100903.41,10,0
712,30-10-24,18.8,72.8,302.6156,301.48495,1.28E-05,9.26E-07,100978.19,10,0
713,30-10-24,19.05,72.8,303.33667,301.86136,1.91E-06,1.91E-07,100974.336,10,0
728,31-10-24,18.8,72.8,303.4005,302.309,9.84E-05,4.35E-06,101039.02,10,0
729,31-10-24,19.05,72.8,304.0917,302.54822,5.57E-05,2.32E-06,101036.37,10,1
20,01-11-24,18.8,72.8,303.03882,302.4567,0.000139646,8.52E-06,101169.43,11,0
21,01-11-24,19.05,72.8,303.78662,302.64603,9.82E-06,1.04E-06,101163.21,11,0
44,02-11-24,18.8,72.8,303.8711,302.34384,0,0,101194.945,11,0
45,02-11-24,19.05,72.8,304.5543,302.4847,0,0,101195.19,11,1
68,03-11-24,18.8,72.8,305.0885,302.6738,0,0,101168.13,11,1
69,03-11-24,19.05,72.8,305.4973,302.68918,0,0,101173.28,11,1
92,04-11-24,18.8,72.8,304.9848,302.49628,0,0,101092.77,11,1
93,04-11-24,19.05,72.8,305.27673,302.4802,0,0,101096.48,11,1
116,05-11-24,18.8,72.8,305.09125,302.44437,0,0,101141.68,11,1
117,05-11-24,19.05,72.8,305.39056,302.465,0,0,101142.68,11,1
140,06-11-24,18.8,72.8,304.20374,302.11386,0,0,101229.836,11,1
141,06-11-24,19.05,72.8,304.70825,302.12466,0,0,101231.914,11,1
164,07-11-24,18.8,72.8,304.50928,302.03635,0,0,101195.336,11,1
165,07-11-24,19.05,72.8,304.5329,301.7488,0,0,101204.06,11,1
188,08-11-24,18.8,72.8,304.28262,301.93063,0,0,101176.625,11,1
189,08-11-24,19.05,72.8,304.45822,301.73822,0,0,101182.35,11,1
212,09-11-24,18.8,72.8,304.64023,301.84415,0,0,101189.34,11,1
213,09-11-24,19.05,72.8,304.7643,301.64532,0,0,101194.59,11,1
236,10-11-24,18.8,72.8,304.2538,301.6898,0,0,101196.96,11,1
237,10-11-24,19.05,72.8,304.5125,301.4451,0,0,101204.18,11,1
260,11-11-24,18.8,72.8,303.85193,301.49832,0,0,101179.27,11,0
261,11-11-24,19.05,72.8,303.98178,301.30164,0,0,101187.94,11,0
284,12-11-24,18.8,72.8,303.41034,301.17587,0,0,101128.69,11,0
285,12-11-24,19.05,72.8,303.75223,301.07413,0,0,101136.875,11,0
308,13-11-24,18.8,72.8,303.78714,301.01138,0,0,100971.445,11,0
309,13-11-24,19.05,72.8,304.07968,300.79965,0,0,100981.445,11,1
332,14-11-24,18.8,72.8,303.71265,301.2523,0,0,101065.195,11,0
333,14-11-24,19.05,72.8,304.21014,301.0143,0,0,101072.77,11,1
356,15-11-24,18.8,72.8,303.0935,301.62247,1.05E-06,4.37E-08,101203.6,11,0
357,15-11-24,19.05,72.8,303.4246,301.39676,3.33E-10,1.39E-11,101204.695,11,0
380,16-11-24,18.8,72.8,302.89505,301.4875,5.91E-06,4.29E-07,101108.52,11,0
381,16-11-24,19.05,72.8,303.2384,301.36963,2.86E-07,2.79E-08,101113.02,11,0
404,17-11-24,18.8,72.8,304.0363,301.93942,0,0,101059.78,11,1
405,17-11-24,19.05,72.8,304.44833,301.74454,0,0,101064.93,11,1
428,18-11-24,18.8,72.8,303.94202,301.5265,0,0,101136.31,11,0
429,18-11-24,19.05,72.8,304.08865,301.30154,0,0,101141.43,11,1
452,19-11-24,18.8,72.8,303.35022,300.66147,0,0,101266.77,11,0
453,19-11-24,19.05,72.8,303.51212,300.39978,0,0,101273.62,11,0
476,20-11-24,18.8,72.8,302.53906,300.03818,0,0,101217.914,11,0
477,20-11-24,19.05,72.8,302.8169,299.7904,0,0,101226.35,11,0
500,21-11-24,18.8,72.8,302.33713,299.8192,0,0,101199.78,11,0
501,21-11-24,19.05,72.8,302.74823,299.6597,0,0,101205.914,11,0
524,22-11-24,18.8,72.8,302.2078,299.663,0,0,101148.93,11,0
525,22-11-24,19.05,72.8,302.70605,299.6091,0,0,101153.41,11,0
548,23-11-24,18.8,72.8,301.1404,299.40424,0,0,101242.76,11,0
549,23-11-24,19.05,72.8,301.65405,299.3057,0,0,101243.32,11,0
572,24-11-24,18.8,72.8,301.92795,299.55862,0,0,101269.74,11,0
573,24-11-24,19.05,72.8,302.4192,299.40482,0,0,101274.41,11,0
596,25-11-24,18.8,72.8,302.343,299.69443,0,0,101213.71,11,0
597,25-11-24,19.05,72.8,302.492,299.5506,0,0,101220.836,11,0
620,26-11-24,18.8,72.8,302.03574,299.35214,0,0,101186.41,11,0
621,26-11-24,19.05,72.8,302.27197,299.05783,0,0,101197.6,11,0
644,27-11-24,18.8,72.8,302.14334,299.17517,0,0,101108.445,11,0
645,27-11-24,19.05,72.8,302.40695,298.87634,0,0,101121.875,11,0
668,28-11-24,18.8,72.8,301.8199,298.9633,0,0,101098.02,11,0
669,28-11-24,19.05,72.8,302.26352,298.66153,0,0,101112.53,11,0
692,29-11-24,18.8,72.8,301.2275,298.4767,0,0,101143.34,11,0
693,29-11-24,19.05,72.8,301.50244,298.29343,0,0,101156.46,11,0
714,30-11-24,18.8,72.8,300.71875,298.17374,0,0,101006.38,11,0
715,30-11-24,19.05,72.8,301.07297,297.9448,0,0,101017.48,11,0
22,01-12-24,18.8,72.8,301.2992,298.82047,0,0,100838.57,12,0
23,01-12-24,19.05,72.8,301.44708,298.56006,0,0,100847.81,12,0
46,02-12-24,18.8,72.8,301.66113,299.68118,1.05E-05,4.65E-07,100771.18,12,0
47,02-12-24,19.05,72.8,302.4242,299.6453,0,0,100778.15,12,0
70,03-12-24,18.8,72.8,301.5545,300.4966,3.42E-05,1.82E-06,100900.85,12,0
71,03-12-24,19.05,72.8,302.17285,300.5616,4.49E-06,2.90E-07,100909.51,12,0
94,04-12-24,18.8,72.8,302.3139,300.86508,1.63E-05,2.42E-06,100995.21,12,0
95,04-12-24,19.05,72.8,302.96884,301.06763,7.82E-06,8.36E-07,100999.54,12,0
118,05-12-24,18.8,72.8,301.8141,300.6788,0,0,101089.09,12,0
119,05-12-24,19.05,72.8,302.24527,300.8186,0,0,101087.37,12,0
142,06-12-24,18.8,72.8,301.60162,300.5158,0,0,101098.29,12,0
143,06-12-24,19.05,72.8,302.1721,300.6805,0,0,101098.44,12,0
166,07-12-24,18.8,72.8,301.72852,300.16843,0,0,101082.94,12,0
167,07-12-24,19.05,72.8,302.2296,300.2045,0,0,101085.29,12,0
190,08-12-24,18.8,72.8,300.815,298.87137,0,0,101128.24,12,0
191,08-12-24,19.05,72.8,301.2102,298.69742,0,0,101133.34,12,0
214,09-12-24,18.8,72.8,300.97723,298.1421,0,0,101154.945,12,0
215,09-12-24,19.05,72.8,301.27783,298.00034,0,0,101166.72,12,0
238,10-12-24,18.8,72.8,300.41705,298.10587,0,0,101126.51,12,0
239,10-12-24,19.05,72.8,301.0536,297.9635,0,0,101137.88,12,0
262,11-12-24,18.8,72.8,301.3827,298.9689,0,0,101179.53,12,0
263,11-12-24,19.05,72.8,302.06796,298.75967,0,0,101188.445,12,0
286,12-12-24,18.8,72.8,300.3271,298.4702,0,0,101168.56,12,0
287,12-12-24,19.05,72.8,300.55344,298.28305,0,0,101177.35,12,0
310,13-12-24,18.8,72.8,301.2795,298.5893,0,0,101201.07,12,0
311,13-12-24,19.05,72.8,301.49094,298.36667,0,0,101215.164,12,0
334,14-12-24,18.8,72.8,301.05707,298.42767,0,0,101278.81,12,0
335,14-12-24,19.05,72.8,301.20395,298.1387,0,0,101293.1,12,0
358,15-12-24,18.8,72.8,300.7516,298.1144,0,0,101364.195,12,0
359,15-12-24,19.05,72.8,301.60126,297.90506,0,0,101373.5,12,0
382,16-12-24,18.8,72.8,300.64923,297.90372,0,0,101282.97,12,0
383,16-12-24,19.05,72.8,301.35355,297.697,0,0,101289.5,12,0
406,17-12-24,18.8,72.8,299.51505,297.47446,0,0,101182.85,12,0
407,17-12-24,19.05,72.8,300.12616,297.32242,0,0,101186.84,12,0
430,18-12-24,18.8,72.8,299.99387,297.5228,0,0,101107.46,12,0
431,18-12-24,19.05,72.8,300.42114,297.27478,0,0,101111.37,12,0
454,19-12-24,18.8,72.8,299.0189,297.20853,0,0,101084.19,12,0
455,19-12-24,19.05,72.8,299.62463,297.10318,0,0,101084.46,12,0
478,20-12-24,18.8,72.8,298.14597,296.7441,0,0,101112.125,12,0
479,20-12-24,19.05,72.8,298.5292,296.6299,7.63E-07,4.37E-08,101110.32,12,0
502,21-12-24,18.8,72.8,297.9726,296.75693,2.86E-07,1.99E-08,101139.48,12,0
503,21-12-24,19.05,72.8,298.29834,296.65573,1.91E-07,7.94E-09,101136.69,12,0
526,22-12-24,18.8,72.8,298.24973,297.29114,4.64E-05,1.15E-05,101200.53,12,0
527,22-12-24,19.05,72.8,298.32834,297.05942,6.14E-05,1.45E-05,101199.375,12,0
550,23-12-24,18.8,72.8,297.41595,296.7717,0.000132288,2.82E-05,101225.97,12,0
551,23-12-24,19.05,72.8,297.7713,296.71786,0.00010745,2.57E-05,101229.13,12,0
574,24-12-24,18.8,72.8,298.38843,297.13364,6.68E-07,3.18E-08,101231.22,12,0
575,24-12-24,19.05,72.8,298.79028,296.99902,3.33E-10,2.08E-11,101236.26,12,0
598,25-12-24,18.8,72.8,298.6159,297.19406,0,0,101320.73,12,0
599,25-12-24,19.05,72.8,299.10803,297.069,0,0,101323.47,12,0
622,26-12-24,18.8,72.8,298.44467,297.57782,0,0,101491.625,12,0
623,26-12-24,19.05,72.8,298.64764,297.47363,0,0,101490.38,12,0
646,27-12-24,18.8,72.8,298.71255,297.67953,7.44E-06,8.02E-07,101509.875,12,0
647,27-12-24,19.05,72.8,299.11722,297.6351,1.91E-05,1.65E-06,101510.68,12,0
670,28-12-24,18.8,72.8,299.40363,297.87283,1.12E-05,1.25E-06,101495.71,12,0
671,28-12-24,19.05,72.8,299.7721,297.8203,1.97E-05,1.29E-06,101502.63,12,0
694,29-12-24,18.8,72.8,299.66364,298.2071,0,0,101459.09,12,0
695,29-12-24,19.05,72.8,300.1657,298.2369,0,0,101466.62,12,0
716,30-12-24,18.8,72.8,300.97717,298.9874,0,0,101442.69,12,0
717,30-12-24,19.05,72.8,301.3423,299.0372,0,0,101448.5,12,0
730,31-12-24,18.8,72.8,300.6054,299.0099,0,0,101487.4,12,0
731,31-12-24,19.05,72.8,301.3377,299.07617,0,0,101493.87,12,0
