,latitude,longitude,max_temperature,mean_temperature,max_precipitation,mean_precipitation,mslp,month,day_of_year,year,heatwave_label
0,18.8,72.8,300.456,298.66147,1.43e-06,1.07e-07,101148.02,1,1,2021,0
1,19.05,72.8,300.81647,298.3456,5.73e-07,2.39e-08,101149.62,1,1,2021,0
2,18.8,72.8,299.7232,298.4026,2.31e-05,1.22e-06,101228.52,1,2,2021,0
3,19.05,72.8,300.0384,298.26297,2.02e-05,8.81e-07,101229.26,1,2,2021,0
4,18.8,72.8,299.1929,297.7191,3.29e-05,2.59e-06,101083.52,1,3,2021,0
5,19.05,72.8,299.52826,297.64035,5.69e-05,3.93e-06,101085.03,1,3,2021,0
6,18.8,72.8,298.77484,297.4315,0.000166867,1.06e-05,101067.836,1,4,2021,0
7,19.05,72.8,299.06863,297.22733,0.000338047,2.19e-05,101069.78,1,4,2021,0
8,18.8,72.8,298.6481,297.3995,5.72e-07,4.77e-08,101178.445,1,5,2021,0
9,19.05,72.8,299.14517,297.33853,2.67e-06,1.15e-07,101183.445,1,5,2021,0
10,18.8,72.8,299.17773,297.6248,4.36e-05,1.06e-05,101130.65,1,6,2021,0
11,19.05,72.8,299.6186,297.50485,8.34e-05,8.45e-06,101140.15,1,6,2021,0
12,18.8,72.8,299.4627,298.039,0.000154109,2.36e-05,100936.71,1,7,2021,0
13,19.05,72.8,299.9542,297.93106,0.000163443,2.17e-05,100937.77,1,7,2021,0
14,18.8,72.8,299.91852,298.5288,5.89e-05,1.49e-05,100866.72,1,8,2021,0
15,19.05,72.8,300.15857,298.33762,0.000184325,3.79e-05,100874.125,1,8,2021,0
16,18.8,72.8,300.16205,298.68872,6.41e-05,1.27e-05,100940.445,1,9,2021,0
17,19.05,72.8,300.8717,298.67276,9.16e-05,1.2e-05,100945.38,1,9,2021,0
18,18.8,72.8,300.39886,299.21072,8.68e-05,5.7e-06,101009.76,1,10,2021,0
19,19.05,72.8,300.91086,299.26886,5.09e-05,3.53e-06,101009.79,1,10,2021,0
20,18.8,72.8,302.22403,299.83618,0.0,0.0,101103.04,1,11,2021,0
21,19.05,72.8,303.13016,299.86572,0.0,0.0,101105.02,1,11,2021,0
22,18.8,72.8,301.7756,300.01028,0.0,0.0,101168.68,1,12,2021,0
23,19.05,72.8,302.21442,299.98227,0.0,0.0,101172.93,1,12,2021,0
24,18.8,72.8,301.55377,299.8336,0.0,0.0,101130.91,1,13,2021,0
25,19.05,72.8,301.81027,299.6795,0.0,0.0,101137.125,1,13,2021,0
26,18.8,72.8,300.89142,298.9245,0.0,0.0,101095.23,1,14,2021,0
27,19.05,72.8,301.26248,298.61563,0.0,0.0,101099.38,1,14,2021,0
28,18.8,72.8,299.21326,298.12943,0.0,0.0,101043.59,1,15,2021,0
29,19.05,72.8,299.55005,297.85895,0.0,0.0,101043.15,1,15,2021,0
30,18.8,72.8,299.29044,297.65628,0.0,0.0,100962.31,1,16,2021,0
31,19.05,72.8,299.60406,297.39706,0.0,0.0,100962.26,1,16,2021,0
32,18.8,72.8,299.0876,297.99374,0.0,0.0,100997.625,1,17,2021,0
33,19.05,72.8,299.63348,297.7963,9.53e-08,3.97e-09,100997.305,1,17,2021,0
34,18.8,72.8,299.73004,298.44434,0.0,0.0,101155.9,1,18,2021,0
35,19.05,72.8,300.24976,298.2174,0.0,0.0,101158.4,1,18,2021,0
36,18.8,72.8,300.24316,298.70538,0.0,0.0,101166.23,1,19,2021,0
37,19.05,72.8,300.9873,298.60324,0.0,0.0,101166.46,1,19,2021,0
38,18.8,72.8,300.3727,298.6401,0.0,0.0,101258.51,1,20,2021,0
39,19.05,72.8,300.86743,298.4714,0.0,0.0,101261.75,1,20,2021,0
40,18.8,72.8,299.3311,297.5624,0.0,0.0,101264.26,1,21,2021,0
41,19.05,72.8,299.91452,297.30313,0.0,0.0,101264.38,1,21,2021,0
42,18.8,72.8,299.81525,297.66602,0.0,0.0,101186.74,1,22,2021,0
43,19.05,72.8,300.50732,297.64386,0.0,0.0,101187.85,1,22,2021,0
44,18.8,72.8,300.15768,298.26608,0.0,0.0,101179.66,1,23,2021,0
45,19.05,72.8,300.74323,298.15115,0.0,0.0,101181.51,1,23,2021,0
46,18.8,72.8,300.10266,298.07346,0.0,0.0,101282.25,1,24,2021,0
47,19.05,72.8,300.70013,297.9049,0.0,0.0,101285.48,1,24,2021,0
48,18.8,72.8,299.63858,297.4104,0.0,0.0,101353.79,1,25,2021,0
49,19.05,72.8,300.1698,297.14468,0.0,0.0,101358.43,1,25,2021,0
50,18.8,72.8,298.70477,296.72232,0.0,0.0,101315.81,1,26,2021,0
51,19.05,72.8,299.1797,296.45132,0.0,0.0,101318.51,1,26,2021,0
52,18.8,72.8,298.5285,296.5458,0.0,0.0,101263.0,1,27,2021,0
53,19.05,72.8,299.2612,296.37927,0.0,0.0,101263.68,1,27,2021,0
54,18.8,72.8,298.48474,296.60892,0.0,0.0,101295.35,1,28,2021,0
55,19.05,72.8,299.06573,296.39706,0.0,0.0,101296.37,1,28,2021,0
56,18.8,72.8,299.11618,296.84055,0.0,0.0,101350.94,1,29,2021,0
57,19.05,72.8,299.88092,296.657,0.0,0.0,101355.18,1,29,2021,0
58,18.8,72.8,299.5319,297.49857,0.0,0.0,101298.12,1,30,2021,0
59,19.05,72.8,300.12067,297.23727,0.0,0.0,101302.79,1,30,2021,0
60,18.8,72.8,299.9266,297.81204,0.0,0.0,101325.88,1,31,2021,0
61,19.05,72.8,300.2556,297.60538,0.0,0.0,101331.62,1,31,2021,0
62,18.8,72.8,301.86432,298.73648,0.0,0.0,101449.32,2,32,2021,0
63,19.05,72.8,302.5401,298.67886,0.0,0.0,101456.48,2,32,2021,0
64,18.8,72.8,301.8706,299.12903,0.0,0.0,101474.66,2,33,2021,0
65,19.05,72.8,301.73135,298.97974,0.0,0.0,101479.56,2,33,2021,0
66,18.8,72.8,300.01767,298.3557,0.0,0.0,101414.24,2,34,2021,0
67,19.05,72.8,300.8597,298.34064,0.0,0.0,101415.03,2,34,2021,0
68,18.8,72.8,299.4459,297.93423,0.0,0.0,101383.07,2,35,2021,0
69,19.05,72.8,300.16376,297.9336,0.0,0.0,101384.72,2,35,2021,0
70,18.8,72.8,299.84424,297.9736,0.0,0.0,101375.43,2,36,2021,0
71,19.05,72.8,300.5026,297.8942,0.0,0.0,101377.945,2,36,2021,0
72,18.8,72.8,300.9885,298.28616,0.0,0.0,101272.53,2,37,2021,0
73,19.05,72.8,301.27936,298.18533,0.0,0.0,101287.62,2,37,2021,0
74,18.8,72.8,301.22644,298.574,0.0,0.0,101311.23,2,38,2021,0
75,19.05,72.8,301.5923,298.4164,0.0,0.0,101329.25,2,38,2021,0
76,18.8,72.8,301.37173,298.53146,0.0,0.0,101378.29,2,39,2021,0
77,19.05,72.8,301.74036,298.29428,0.0,0.0,101388.37,2,39,2021,0
78,18.8,72.8,300.88336,298.30228,0.0,0.0,101291.586,2,40,2021,0
79,19.05,72.8,301.62244,298.19034,0.0,0.0,101298.51,2,40,2021,0
80,18.8,72.8,300.17194,298.01584,0.0,0.0,101192.375,2,41,2021,0
81,19.05,72.8,300.84308,298.0153,0.0,0.0,101193.68,2,41,2021,0
82,18.8,72.8,300.11987,298.09488,0.0,0.0,101076.84,2,42,2021,0
83,19.05,72.8,300.92108,298.11404,0.0,0.0,101079.695,2,42,2021,0
84,18.8,72.8,299.5844,298.1743,0.0,0.0,101141.79,2,43,2021,0
85,19.05,72.8,300.34198,298.21808,0.0,0.0,101137.0,2,43,2021,0
86,18.8,72.8,299.35992,297.92325,0.0,0.0,101270.85,2,44,2021,0
87,19.05,72.8,300.1078,297.9061,0.0,0.0,101267.445,2,44,2021,0
88,18.8,72.8,299.18253,297.88333,0.0,0.0,101310.26,2,45,2021,0
89,19.05,72.8,299.93512,297.92273,0.0,0.0,101307.37,2,45,2021,0
90,18.8,72.8,298.96906,297.731,0.0,0.0,101244.37,2,46,2021,0
91,19.05,72.8,299.53467,297.71643,0.0,0.0,101239.96,2,46,2021,0
92,18.8,72.8,298.49878,297.28458,0.0,0.0,101201.195,2,47,2021,0
93,19.05,72.8,299.05713,297.3268,0.0,0.0,101197.445,2,47,2021,0
94,18.8,72.8,299.06323,297.52588,0.0,0.0,101173.59,2,48,2021,0
95,19.05,72.8,299.89282,297.6899,0.0,0.0,101169.74,2,48,2021,0
96,18.8,72.8,299.66864,298.42993,4.27e-05,2.34e-06,101167.54,2,49,2021,0
97,19.05,72.8,300.62524,298.58792,4.47e-05,1.95e-06,101164.02,2,49,2021,0
98,18.8,72.8,301.22238,298.94055,9.25e-06,6.36e-07,101344.91,2,50,2021,0
99,19.05,72.8,301.53278,298.94366,1.56e-05,7.39e-07,101354.13,2,50,2021,0
100,18.8,72.8,301.01392,298.73917,0.0,0.0,101360.52,2,51,2021,0
101,19.05,72.8,301.64893,298.7773,0.0,0.0,101371.445,2,51,2021,0
102,18.8,72.8,301.76135,299.44724,0.0,0.0,101304.695,2,52,2021,0
103,19.05,72.8,302.43994,299.52356,0.0,0.0,101316.195,2,52,2021,0
104,18.8,72.8,301.3977,299.59497,0.0,0.0,101337.78,2,53,2021,0
105,19.05,72.8,301.7642,299.68573,0.0,0.0,101337.87,2,53,2021,0
106,18.8,72.8,300.672,299.5205,0.0,0.0,101242.69,2,54,2021,0
107,19.05,72.8,301.5662,299.64163,0.0,0.0,101237.44,2,54,2021,0
108,18.8,72.8,301.4217,299.74124,4.1e-05,1.71e-06,101091.96,2,55,2021,0
109,19.05,72.8,302.20508,299.97815,0.0,0.0,101090.94,2,55,2021,0
110,18.8,72.8,301.13342,299.80872,0.0,0.0,101158.43,2,56,2021,0
111,19.05,72.8,301.98474,300.00192,0.0,0.0,101158.01,2,56,2021,0
112,18.8,72.8,300.01035,299.22794,2.86e-07,1.19e-08,101092.69,2,57,2021,0
113,19.05,72.8,300.86163,299.28842,0.0,0.0,101089.74,2,57,2021,0
114,18.8,72.8,300.93567,299.19867,0.0,0.0,100989.9,2,58,2021,0
115,19.05,72.8,301.76813,299.329,0.0,0.0,100990.82,2,58,2021,0
116,18.8,72.8,301.98895,299.9824,0.0,0.0,100940.25,2,59,2021,0
117,19.05,72.8,302.7323,300.17017,0.0,0.0,100942.586,2,59,2021,0
118,18.8,72.8,302.4391,300.65225,0.0,0.0,101173.32,3,60,2021,0
119,19.05,72.8,303.39246,300.91946,0.0,0.0,101175.66,3,60,2021,1
120,18.8,72.8,302.33234,300.7954,0.0,0.0,101257.15,3,61,2021,0
121,19.05,72.8,303.3456,300.95798,0.0,0.0,101259.75,3,61,2021,0
122,18.8,72.8,301.9718,300.37198,0.0,0.0,101114.57,3,62,2021,0
123,19.05,72.8,302.8719,300.55786,0.0,0.0,101116.625,3,62,2021,0
124,18.8,72.8,303.50708,300.74405,0.0,0.0,101060.88,3,63,2021,1
125,19.05,72.8,304.11514,301.00574,0.0,0.0,101060.305,3,63,2021,1
126,18.8,72.8,301.55182,300.2317,0.0,0.0,101177.805,3,64,2021,0
127,19.05,72.8,302.65265,300.70706,0.0,0.0,101167.04,3,64,2021,0
128,18.8,72.8,300.8053,299.59915,0.0,0.0,101281.52,3,65,2021,0
129,19.05,72.8,301.31528,299.66028,0.0,0.0,101272.68,3,65,2021,0
130,18.8,72.8,300.92905,298.996,1.28e-05,2.44e-06,101187.31,3,66,2021,0
131,19.05,72.8,301.69666,298.93723,3e-05,5.17e-06,101187.19,3,66,2021,0
132,18.8,72.8,301.61487,299.65735,0.0,0.0,101166.06,3,67,2021,0
133,19.05,72.8,302.38757,299.70905,0.0,0.0,101168.305,3,67,2021,0
134,18.8,72.8,302.26898,300.18747,0.0,0.0,101165.26,3,68,2021,0
135,19.05,72.8,303.0949,300.43222,0.0,0.0,101165.01,3,68,2021,0
136,18.8,72.8,301.50574,300.40836,0.0,0.0,101188.26,3,69,2021,0
137,19.05,72.8,302.39178,300.60385,0.0,0.0,101181.57,3,69,2021,0
138,18.8,72.8,300.79315,299.83557,0.0,0.0,101184.305,3,70,2021,0
139,19.05,72.8,301.6042,299.95792,0.0,0.0,101177.06,3,70,2021,0
140,18.8,72.8,300.85352,299.62967,0.0,0.0,101288.9,3,71,2021,0
141,19.05,72.8,301.6921,299.77017,0.0,0.0,101287.6,3,71,2021,0
142,18.8,72.8,302.8695,300.91635,0.0,0.0,101242.94,3,72,2021,0
143,19.05,72.8,303.7689,301.05026,0.0,0.0,101248.01,3,72,2021,1
144,18.8,72.8,302.03387,300.9964,0.0,0.0,101066.85,3,73,2021,0
145,19.05,72.8,303.0109,301.18466,0.0,0.0,101061.21,3,73,2021,0
146,18.8,72.8,302.25333,301.10617,0.0,0.0,100996.49,3,74,2021,0
147,19.05,72.8,303.2271,301.45557,0.0,0.0,100992.4,3,74,2021,0
148,18.8,72.8,302.1783,300.94266,0.0,0.0,101040.99,3,75,2021,0
149,19.05,72.8,303.151,301.2352,0.0,0.0,101036.5,3,75,2021,0
150,18.8,72.8,302.6762,300.79037,0.0,0.0,100930.82,3,76,2021,0
151,19.05,72.8,303.56616,301.08682,0.0,0.0,100924.31,3,76,2021,1
152,18.8,72.8,301.31476,300.50854,0.0,0.0,100933.13,3,77,2021,0
153,19.05,72.8,302.0644,300.69754,0.0,0.0,100922.44,3,77,2021,0
154,18.8,72.8,301.32895,300.31488,0.0,0.0,101030.63,3,78,2021,0
155,19.05,72.8,302.1226,300.48798,0.0,0.0,101025.88,3,78,2021,0
156,18.8,72.8,300.8405,299.461,0.0,0.0,100907.48,3,79,2021,0
157,19.05,72.8,301.76068,299.5984,0.0,0.0,100904.73,3,79,2021,0
158,18.8,72.8,301.03857,299.63516,5.72e-07,5.17e-08,100839.49,3,80,2021,0
159,19.05,72.8,301.94977,299.80008,7.63e-07,7.95e-08,100833.836,3,80,2021,0
160,18.8,72.8,302.3589,300.2911,1.14e-06,8.74e-08,101018.98,3,81,2021,0
161,19.05,72.8,303.40463,300.46304,4.77e-07,3.97e-08,101018.195,3,81,2021,1
162,18.8,72.8,302.3363,300.7518,9.89e-05,4.41e-06,101078.555,3,82,2021,0
163,19.05,72.8,303.15762,300.97485,4.82e-07,3.23e-08,101079.77,3,82,2021,0
164,18.8,72.8,303.03482,301.50986,5.72e-07,2.38e-08,101069.43,3,83,2021,0
165,19.05,72.8,304.17303,301.79898,0.0,0.0,101072.75,3,83,2021,1
166,18.8,72.8,304.4795,302.50735,0.0,0.0,100991.57,3,84,2021,1
167,19.05,72.8,305.35895,302.786,0.0,0.0,100997.22,3,84,2021,1
168,18.8,72.8,304.11523,302.32065,0.0,0.0,100895.96,3,85,2021,1
169,19.05,72.8,304.88446,302.52676,0.0,0.0,100902.195,3,85,2021,1
170,18.8,72.8,305.45496,302.69443,0.0,0.0,100780.086,3,86,2021,1
171,19.05,72.8,306.40363,303.00327,0.0,0.0,100784.75,3,86,2021,1
172,18.8,72.8,302.2065,301.43716,0.0,0.0,100816.71,3,87,2021,0
173,19.05,72.8,302.82806,301.6321,0.0,0.0,100806.086,3,87,2021,0
174,18.8,72.8,301.77426,300.5723,1.91e-07,1.59e-08,100826.836,3,88,2021,0
175,19.05,72.8,302.3984,300.74057,9.53e-07,7.95e-08,100819.51,3,88,2021,0
176,18.8,72.8,301.21405,300.22537,1.05e-06,4.77e-08,100857.62,3,89,2021,0
177,19.05,72.8,301.54037,300.37402,3.81e-07,1.59e-08,100848.836,3,89,2021,0
178,18.8,72.8,301.12027,299.84143,0.0,0.0,100770.52,3,90,2021,0
179,19.05,72.8,301.57355,299.98593,9.53e-08,3.97e-09,100764.78,3,90,2021,0
180,18.8,72.8,301.1387,300.2089,1.05e-06,1.27e-07,100732.46,4,91,2021,0
181,19.05,72.8,301.46738,300.3586,7.63e-07,1.11e-07,100721.23,4,91,2021,0
182,18.8,72.8,301.08945,300.03482,2.1e-05,2.54e-06,100765.06,4,92,2021,0
183,19.05,72.8,301.42038,300.22272,2.16e-05,3.06e-06,100756.44,4,92,2021,0
184,18.8,72.8,300.54526,299.54105,2.86e-07,1.19e-08,100856.1,4,93,2021,0
185,19.05,72.8,300.94214,299.81998,0.0,0.0,100847.625,4,93,2021,0
186,18.8,72.8,301.0398,300.08905,7.63e-07,1.15e-07,101039.96,4,94,2021,0
187,19.05,72.8,301.8427,300.46005,2e-06,2.86e-07,101033.875,4,94,2021,0
188,18.8,72.8,301.43597,300.38824,9.53e-08,7.94e-09,101029.56,4,95,2021,0
189,19.05,72.8,302.28622,300.71506,3.81e-07,4.77e-08,101025.5,4,95,2021,0
190,18.8,72.8,303.20245,301.65897,0.0,0.0,100909.63,4,96,2021,0
191,19.05,72.8,304.15765,301.96182,0.0,0.0,100907.72,4,96,2021,1
192,18.8,72.8,302.52582,301.45828,0.0,0.0,101004.9,4,97,2021,0
193,19.05,72.8,303.35907,301.7097,0.0,0.0,101000.59,4,97,2021,0
194,18.8,72.8,301.72504,300.87863,0.0,0.0,100900.914,4,98,2021,0
195,19.05,72.8,302.2304,301.06927,0.0,0.0,100885.76,4,98,2021,0
196,18.8,72.8,301.66,300.56433,5.72e-07,9.54e-08,100838.97,4,99,2021,0
197,19.05,72.8,302.41162,300.87463,1.14e-06,1.75e-07,100831.81,4,99,2021,0
198,18.8,72.8,301.90387,300.85892,0.0,0.0,100928.15,4,100,2021,0
199,19.05,72.8,302.7712,301.11057,0.0,0.0,100919.26,4,100,2021,0
200,18.8,72.8,302.52423,301.22617,0.0,0.0,101030.125,4,101,2021,0
201,19.05,72.8,303.4276,301.51187,3.81e-07,3.18e-08,101023.06,4,101,2021,1
202,18.8,72.8,302.4511,301.45477,0.0,0.0,101146.055,4,102,2021,0
203,19.05,72.8,303.34097,301.75806,1.33e-06,6.36e-08,101135.15,4,102,2021,0
204,18.8,72.8,302.6938,301.86868,2.69e-05,1.33e-06,101066.01,4,103,2021,0
205,19.05,72.8,303.61798,302.16678,0.000106886,4.87e-06,101057.31,4,103,2021,1
206,18.8,72.8,303.0299,302.0278,2.48e-05,2.38e-06,101027.73,4,104,2021,0
207,19.05,72.8,303.60382,302.28363,1e-05,8.23e-07,101020.48,4,104,2021,1
208,18.8,72.8,302.52213,301.6019,0.0,0.0,101023.586,4,105,2021,0
209,19.05,72.8,302.94244,301.8304,0.000188217,7.86e-06,101015.54,4,105,2021,0
210,18.8,72.8,302.15738,301.24304,0.0,0.0,101008.53,4,106,2021,0
211,19.05,72.8,303.0349,301.5706,0.0,0.0,101001.695,4,106,2021,0
212,18.8,72.8,302.24036,301.19617,4.77e-07,4.37e-08,101052.75,4,107,2021,0
213,19.05,72.8,303.12164,301.5115,7.63e-07,8.74e-08,101046.98,4,107,2021,0
214,18.8,72.8,303.22577,301.93344,0.0,0.0,101091.22,4,108,2021,0
215,19.05,72.8,304.2262,302.2863,0.0,0.0,101083.164,4,108,2021,1
216,18.8,72.8,302.51978,301.64578,0.0,0.0,100990.4,4,109,2021,0
217,19.05,72.8,303.02527,301.89273,0.0,0.0,100976.0,4,109,2021,0
218,18.8,72.8,301.9313,301.01416,3.91e-06,9.14e-07,100928.52,4,110,2021,0
219,19.05,72.8,302.30176,301.26993,7.53e-06,1.24e-06,100918.125,4,110,2021,0
220,18.8,72.8,302.1535,301.3294,2.77e-06,3.38e-07,101062.164,4,111,2021,0
221,19.05,72.8,302.7445,301.61218,4.48e-06,6.16e-07,101053.59,4,111,2021,0
222,18.8,72.8,302.74762,301.44623,0.0,0.0,101038.15,4,112,2021,0
223,19.05,72.8,303.54227,301.75552,0.0,0.0,101035.22,4,112,2021,1
224,18.8,72.8,302.3919,301.41647,0.0,0.0,101049.01,4,113,2021,0
225,19.05,72.8,303.1928,301.65933,1.91e-07,7.94e-09,101042.18,4,113,2021,0
226,18.8,72.8,302.33655,301.16025,0.0,0.0,100990.43,4,114,2021,0
227,19.05,72.8,303.00186,301.4194,0.0,0.0,100984.4,4,114,2021,0
228,18.8,72.8,302.661,301.56845,0.0,0.0,100866.46,4,115,2021,0
229,19.05,72.8,303.5629,301.99588,9.53e-08,3.97e-09,100856.46,4,115,2021,1
230,18.8,72.8,302.9377,302.2322,9.53e-08,3.97e-09,100820.664,4,116,2021,0
231,19.05,72.8,303.50476,302.5953,0.000140924,6.96e-06,100806.914,4,116,2021,1
232,18.8,72.8,303.3913,302.2001,1.72e-05,3.37e-06,100921.75,4,117,2021,1
233,19.05,72.8,304.1422,302.4758,0.000289671,1.33e-05,100911.97,4,117,2021,1
234,18.8,72.8,302.58575,301.63004,2.86e-07,1.19e-08,101031.414,4,118,2021,0
235,19.05,72.8,303.2614,301.908,0.000265069,1.1e-05,101022.53,4,118,2021,0
236,18.8,72.8,302.77112,301.76654,0.0,0.0,100969.164,4,119,2021,0
237,19.05,72.8,303.50922,301.96613,0.0,0.0,100960.086,4,119,2021,1
238,18.8,72.8,302.41406,301.6857,9.48e-05,5.51e-06,100874.85,4,120,2021,0
239,19.05,72.8,303.17673,301.9386,2.56e-05,1.06e-06,100868.73,4,120,2021,0
240,18.8,72.8,302.9786,301.91962,2.86e-07,1.19e-08,100774.02,5,121,2021,0
241,19.05,72.8,303.72955,302.24594,1.52e-05,1.37e-06,100768.94,5,121,2021,1
242,18.8,72.8,303.1043,302.38614,2.67e-06,1.11e-07,100830.664,5,122,2021,0
243,19.05,72.8,303.57086,302.55096,1.08e-05,9.18e-07,100820.99,5,122,2021,1
244,18.8,72.8,303.94543,302.71512,6.01e-06,5.88e-07,100789.055,5,123,2021,1
245,19.05,72.8,304.71335,302.85568,5.22e-05,2.71e-06,100782.695,5,123,2021,1
246,18.8,72.8,303.80853,302.72598,2.1e-06,8.74e-08,100759.66,5,124,2021,1
247,19.05,72.8,304.74133,302.97867,0.0,0.0,100750.53,5,124,2021,1
248,18.8,72.8,303.4803,302.63858,0.0,0.0,100757.195,5,125,2021,1
249,19.05,72.8,304.27692,302.94656,0.0,0.0,100749.164,5,125,2021,1
250,18.8,72.8,303.27063,302.3649,0.0,0.0,100813.06,5,126,2021,0
251,19.05,72.8,303.88953,302.64468,4e-06,3.73e-07,100800.84,5,126,2021,1
252,18.8,72.8,303.1894,302.40414,0.0,0.0,100915.53,5,127,2021,0
253,19.05,72.8,303.86377,302.66885,5.15e-06,4.53e-07,100906.22,5,127,2021,1
254,18.8,72.8,303.37387,302.36264,0.0,0.0,100802.26,5,128,2021,1
255,19.05,72.8,304.12854,302.64883,0.0,0.0,100792.71,5,128,2021,1
256,18.8,72.8,303.34787,302.3421,1.91e-06,3.3e-07,100727.13,5,129,2021,0
257,19.05,72.8,303.75592,302.59,1.53e-06,2.22e-07,100716.09,5,129,2021,1
258,18.8,72.8,303.04077,302.2742,1.91e-06,2.62e-07,100720.54,5,130,2021,0
259,19.05,72.8,303.47726,302.54245,8.58e-07,1.71e-07,100710.98,5,130,2021,1
260,18.8,72.8,302.85315,302.2366,2.48e-06,2.26e-07,100766.71,5,131,2021,0
261,19.05,72.8,303.35245,302.5328,5.15e-06,5.65e-07,100757.62,5,131,2021,0
262,18.8,72.8,302.84418,302.2263,5.38e-05,9.06e-06,100640.625,5,132,2021,0
263,19.05,72.8,303.27628,302.4877,6.24e-05,1.05e-05,100630.62,5,132,2021,0
264,18.8,72.8,303.07312,302.3863,1.91e-07,1.59e-08,100552.625,5,133,2021,0
265,19.05,72.8,303.4152,302.57544,2.67e-06,2.23e-07,100543.41,5,133,2021,1
266,18.8,72.8,303.2049,302.21793,6.77e-06,5.28e-07,100337.04,5,134,2021,0
267,19.05,72.8,303.90723,302.44968,5.53e-06,4.33e-07,100335.43,5,134,2021,1
268,18.8,72.8,304.90723,303.56375,7.54e-05,8.65e-06,100023.15,5,135,2021,1
269,19.05,72.8,305.44342,303.79083,2.33e-05,4.01e-06,100031.04,5,135,2021,1
270,18.8,72.8,306.16095,304.33505,0.002142593,0.000181122,99764.9,5,136,2021,1
271,19.05,72.8,306.7791,304.69858,0.000721231,7.12e-05,99809.195,5,136,2021,1
272,18.8,72.8,302.42993,301.06573,0.014272127,0.005702249,99590.086,5,137,2021,0
273,19.05,72.8,303.3849,301.05035,0.013046447,0.005531319,99591.086,5,137,2021,1
274,18.8,72.8,301.7336,301.01218,0.002348685,0.001344202,100267.31,5,138,2021,0
275,19.05,72.8,302.02905,300.94943,0.002858409,0.001438886,100235.805,5,138,2021,0
276,18.8,72.8,302.1614,301.17038,0.001410658,0.000404526,100464.6,5,139,2021,0
277,19.05,72.8,302.41333,301.29016,0.001677836,0.000426685,100446.37,5,139,2021,0
278,18.8,72.8,302.90958,301.7357,0.000180906,6.47e-05,100672.56,5,140,2021,0
279,19.05,72.8,303.18793,301.9251,0.000240403,7.14e-05,100661.57,5,140,2021,0
280,18.8,72.8,302.44083,301.82455,9.92e-05,1.89e-05,100756.0,5,141,2021,0
281,19.05,72.8,302.83914,301.94412,0.000117106,1.64e-05,100748.375,5,141,2021,0
282,18.8,72.8,302.82596,302.1573,7.38e-05,2.22e-05,100725.06,5,142,2021,0
283,19.05,72.8,303.27484,302.40692,5.95e-05,1.58e-05,100716.51,5,142,2021,0
284,18.8,72.8,303.14404,302.39853,0.000124836,3.07e-05,100787.06,5,143,2021,0
285,19.05,72.8,303.575,302.68845,8.47e-05,2.21e-05,100780.19,5,143,2021,1
286,18.8,72.8,303.07895,302.45407,0.000233452,4.39e-05,100892.414,5,144,2021,0
287,19.05,72.8,303.39227,302.6262,0.000249416,5.36e-05,100884.85,5,144,2021,1
288,18.8,72.8,302.76056,302.12088,0.000174898,5.96e-05,100724.78,5,145,2021,0
289,19.05,72.8,303.02686,302.30273,0.000225059,6.64e-05,100715.18,5,145,2021,0
290,18.8,72.8,302.87357,302.34073,0.000117888,3.16e-05,100632.695,5,146,2021,0
291,19.05,72.8,303.2242,302.55933,4.37e-05,1.17e-05,100617.71,5,146,2021,0
292,18.8,72.8,303.5066,302.80356,0.000366207,8.73e-05,100628.695,5,147,2021,1
293,19.05,72.8,303.71707,302.95508,0.00040874,0.000104815,100610.836,5,147,2021,1
294,18.8,72.8,303.0468,302.37704,0.000334171,0.000194216,100654.53,5,148,2021,0
295,19.05,72.8,303.5739,302.712,0.000352552,0.000165711,100637.0,5,148,2021,1
296,18.8,72.8,302.97983,302.12527,0.000211917,8.15e-05,100731.09,5,149,2021,0
297,19.05,72.8,303.4762,302.37704,0.000196166,5.83e-05,100718.13,5,149,2021,1
298,18.8,72.8,301.91827,301.49173,0.000997162,0.000185716,100744.28,5,150,2021,0
299,19.05,72.8,302.7498,301.9152,0.000344604,0.000119861,100732.47,5,150,2021,0
300,18.8,72.8,301.7463,301.14825,0.002113242,0.000462291,100580.586,5,151,2021,0
301,19.05,72.8,301.99265,301.4352,0.002643336,0.000404039,100569.15,5,151,2021,0
302,18.8,72.8,302.6017,301.2761,0.002481632,0.000548667,100568.46,6,152,2021,0
303,19.05,72.8,303.20117,301.5647,0.002338477,0.000404321,100560.75,6,152,2021,0
304,18.8,72.8,302.42474,301.39566,0.002032879,0.000231664,100653.01,6,153,2021,0
305,19.05,72.8,302.83148,301.6511,0.000910413,0.000144143,100646.56,6,153,2021,0
306,18.8,72.8,303.01282,301.81613,0.00044974,0.000139833,100716.76,6,154,2021,0
307,19.05,72.8,303.4977,302.04257,0.000704699,0.000134925,100709.32,6,154,2021,1
308,18.8,72.8,302.88245,301.87302,0.00035848,9.3e-05,100791.97,6,155,2021,0
309,19.05,72.8,303.54108,302.00854,0.000466636,0.000106648,100786.1,6,155,2021,1
310,18.8,72.8,302.1416,301.11398,0.00067884,0.000273569,100719.91,6,156,2021,0
311,19.05,72.8,302.3292,301.24606,0.000681044,0.000278716,100712.51,6,156,2021,0
312,18.8,72.8,302.20807,300.87894,0.000629533,0.000185466,100755.53,6,157,2021,0
313,19.05,72.8,302.5505,301.03577,0.000636632,0.000174751,100746.28,6,157,2021,0
314,18.8,72.8,302.0822,300.83603,0.000601404,0.000281355,100807.18,6,158,2021,0
315,19.05,72.8,302.23367,300.95718,0.000683173,0.000311573,100794.15,6,158,2021,0
316,18.8,72.8,300.97403,300.32755,0.001693026,0.000709923,100710.43,6,159,2021,0
317,19.05,72.8,301.35516,300.59818,0.001711018,0.000658157,100691.22,6,159,2021,0
318,18.8,72.8,301.14197,300.25497,0.002748404,0.001720133,100605.664,6,160,2021,0
319,19.05,72.8,301.42938,300.53156,0.002350407,0.001386718,100585.03,6,160,2021,0
320,18.8,72.8,301.69894,300.40558,0.002046383,0.000942686,100527.65,6,161,2021,0
321,19.05,72.8,301.6348,300.60043,0.0019561,0.000781725,100505.555,6,161,2021,0
322,18.8,72.8,301.66052,300.67813,0.001508342,0.000878671,100461.34,6,162,2021,0
323,19.05,72.8,301.70966,300.8622,0.001386659,0.00070795,100440.96,6,162,2021,0
324,18.8,72.8,301.49142,300.7898,0.001255697,0.000635769,100422.63,6,163,2021,0
325,19.05,72.8,302.11887,301.0941,0.001264165,0.000478023,100403.54,6,163,2021,0
326,18.8,72.8,301.27747,300.42966,0.000935197,0.000523977,100448.44,6,164,2021,0
327,19.05,72.8,301.79306,300.79068,0.000881859,0.000454111,100425.54,6,164,2021,0
328,18.8,72.8,301.1332,300.43442,0.000781473,0.000402483,100309.445,6,165,2021,0
329,19.05,72.8,301.9538,300.7805,0.000684684,0.000333828,100289.164,6,165,2021,0
330,18.8,72.8,300.52106,300.10703,0.000751714,0.000526913,100177.695,6,166,2021,0
331,19.05,72.8,301.03018,300.41147,0.000693612,0.000468967,100158.9,6,166,2021,0
332,18.8,72.8,301.222,300.0837,0.000881921,0.000549317,100224.96,6,167,2021,0
333,19.05,72.8,301.62302,300.36252,0.000641937,0.000456437,100200.21,6,167,2021,0
334,18.8,72.8,300.43408,299.94348,0.000917826,0.000565766,100351.84,6,168,2021,0
335,19.05,72.8,300.75055,300.14627,0.000941853,0.000509679,100323.4,6,168,2021,0
336,18.8,72.8,300.1084,299.20792,0.000986289,0.00073807,100473.5,6,169,2021,0
337,19.05,72.8,300.14145,299.34335,0.00096322,0.000691958,100445.445,6,169,2021,0
338,18.8,72.8,299.6637,299.1664,0.001648679,0.000720937,100662.56,6,170,2021,0
339,19.05,72.8,299.96124,299.38058,0.00129363,0.000631525,100636.02,6,170,2021,0
340,18.8,72.8,300.88406,299.75632,0.000765976,0.000389713,100748.945,6,171,2021,0
341,19.05,72.8,301.1328,300.01498,0.000678437,0.00037778,100720.97,6,171,2021,0
342,18.8,72.8,300.93314,299.93814,0.000426108,0.000220555,100821.49,6,172,2021,0
343,19.05,72.8,301.50317,300.2408,0.00034999,0.000218373,100798.99,6,172,2021,0
344,18.8,72.8,301.08258,300.45242,0.000337117,0.000211584,100786.72,6,173,2021,0
345,19.05,72.8,301.4779,300.71005,0.000291235,0.000213331,100769.695,6,173,2021,0
346,18.8,72.8,300.94055,300.3574,0.000331417,0.000202129,100735.34,6,174,2021,0
347,19.05,72.8,301.1357,300.6304,0.000296413,0.000223631,100714.85,6,174,2021,0
348,18.8,72.8,300.1013,299.50122,0.000515939,0.000389555,100798.625,6,175,2021,0
349,19.05,72.8,300.4512,299.75208,0.000570562,0.00040317,100775.4,6,175,2021,0
350,18.8,72.8,301.28812,300.05484,0.001902228,0.000840413,100693.836,6,176,2021,0
351,19.05,72.8,301.2385,300.1614,0.00128414,0.000645369,100672.586,6,176,2021,0
352,18.8,72.8,301.65088,300.8209,0.000462535,0.000212176,100658.51,6,177,2021,0
353,19.05,72.8,302.1518,301.0703,0.000432591,0.000164306,100640.336,6,177,2021,0
354,18.8,72.8,301.54208,301.2396,0.000170922,9.18e-05,100815.625,6,178,2021,0
355,19.05,72.8,302.1013,301.33035,0.000200534,8.2e-05,100805.82,6,178,2021,0
356,18.8,72.8,301.38843,299.95883,0.002576838,0.001067881,100741.98,6,179,2021,0
357,19.05,72.8,301.25903,300.17325,0.001787204,0.00090279,100731.44,6,179,2021,0
358,18.8,72.8,301.7255,300.66943,0.000223449,0.000102191,100677.16,6,180,2021,0
359,19.05,72.8,302.0332,300.90265,0.000218752,9.06e-05,100665.1,6,180,2021,0
360,18.8,72.8,301.51752,300.86618,0.000592338,0.000255262,100699.81,6,181,2021,0
361,19.05,72.8,301.84592,301.06976,0.0006349,0.000252254,100684.586,6,181,2021,0
362,18.8,72.8,302.42084,301.5712,0.000300042,0.000154827,100538.74,7,182,2021,0
363,19.05,72.8,302.6803,301.78482,0.000318101,0.000152331,100520.664,7,182,2021,0
364,18.8,72.8,302.5842,301.91415,0.000218971,9.48e-05,100554.47,7,183,2021,0
365,19.05,72.8,302.80002,302.04294,0.000264142,0.000117524,100535.125,7,183,2021,0
366,18.8,72.8,302.08844,301.45825,0.000272569,0.000139563,100661.73,7,184,2021,0
367,19.05,72.8,302.5758,301.74634,0.000264349,0.000131472,100644.22,7,184,2021,0
368,18.8,72.8,301.7751,300.75113,0.000281236,0.000141578,100738.96,7,185,2021,0
369,19.05,72.8,302.3156,301.11102,0.000344011,0.000146433,100726.195,7,185,2021,0
370,18.8,72.8,301.8009,300.90784,0.000300303,0.000102024,100711.88,7,186,2021,0
371,19.05,72.8,302.17065,301.2704,0.000288503,9.57e-05,100699.62,7,186,2021,0
372,18.8,72.8,302.0699,301.0867,0.000141986,5.31e-05,100598.75,7,187,2021,0
373,19.05,72.8,302.39468,301.3961,0.000202566,5.75e-05,100589.87,7,187,2021,0
374,18.8,72.8,302.12744,301.67496,0.000502706,8.35e-05,100587.59,7,188,2021,0
375,19.05,72.8,302.74536,302.00327,0.000416168,7.09e-05,100578.48,7,188,2021,0
376,18.8,72.8,301.47318,300.5314,0.001612811,0.000522868,100594.555,7,189,2021,0
377,19.05,72.8,301.89877,300.88177,0.001522812,0.000455979,100579.16,7,189,2021,0
378,18.8,72.8,300.99048,300.34323,0.000627187,0.00030269,100399.94,7,190,2021,0
379,19.05,72.8,301.43115,300.56735,0.000454176,0.000241765,100385.5,7,190,2021,0
380,18.8,72.8,300.5384,299.8521,0.004583333,0.002200258,100279.04,7,191,2021,0
381,19.05,72.8,300.85986,300.10602,0.00430372,0.002044657,100264.23,7,191,2021,0
382,18.8,72.8,300.83362,300.3345,0.004231631,0.001719264,100188.73,7,192,2021,0
383,19.05,72.8,301.4624,300.62735,0.004774384,0.001435249,100174.38,7,192,2021,0
384,18.8,72.8,301.472,300.69803,0.007906631,0.002325751,100007.48,7,193,2021,0
385,19.05,72.8,301.94873,301.055,0.005322903,0.001480051,99974.414,7,193,2021,0
386,18.8,72.8,301.4682,300.64767,0.003410976,0.001744607,100154.57,7,194,2021,0
387,19.05,72.8,301.57715,300.7938,0.002616327,0.001481953,100129.41,7,194,2021,0
388,18.8,72.8,300.75473,300.25137,0.004208156,0.003269172,100233.35,7,195,2021,0
389,19.05,72.8,301.27505,300.39865,0.004554032,0.0031414,100213.88,7,195,2021,0
390,18.8,72.8,301.14542,300.37906,0.003869917,0.002337254,100103.97,7,196,2021,0
391,19.05,72.8,301.26556,300.55173,0.002457863,0.001500906,100081.19,7,196,2021,0
392,18.8,72.8,300.4062,299.94058,0.003518492,0.001717174,100374.01,7,197,2021,0
393,19.05,72.8,300.83878,300.19275,0.002800168,0.0016614,100346.375,7,197,2021,0
394,18.8,72.8,300.7765,300.27872,0.011171676,0.00263035,100562.41,7,198,2021,0
395,19.05,72.8,301.33563,300.56747,0.007966802,0.002530293,100540.0,7,198,2021,0
396,18.8,72.8,300.33368,300.04095,0.004983708,0.002348608,100495.69,7,199,2021,0
397,19.05,72.8,300.8374,300.3197,0.004973562,0.002311039,100471.52,7,199,2021,0
398,18.8,72.8,300.22568,299.75607,0.003163869,0.001512329,100465.23,7,200,2021,0
399,19.05,72.8,300.49103,299.99094,0.002426559,0.001147469,100440.41,7,200,2021,0
400,18.8,72.8,300.19574,299.7501,0.001768135,0.001086354,100638.086,7,201,2021,0
401,19.05,72.8,300.33334,299.96027,0.001012397,0.000818516,100611.29,7,201,2021,0
402,18.8,72.8,300.72412,299.94995,0.00380557,0.0025827,100558.84,7,202,2021,0
403,19.05,72.8,300.86368,300.06628,0.003272601,0.002110996,100525.24,7,202,2021,0
404,18.8,72.8,301.10626,300.57837,0.001217806,0.000898198,100241.96,7,203,2021,0
405,19.05,72.8,301.4425,300.8165,0.001134552,0.000651679,100210.88,7,203,2021,0
406,18.8,72.8,301.1128,300.46506,0.001961461,0.001062076,100240.06,7,204,2021,0
407,19.05,72.8,301.22394,300.61172,0.001888122,0.000884558,100211.03,7,204,2021,0
408,18.8,72.8,300.42435,299.9344,0.001404037,0.000752563,100409.414,7,205,2021,0
409,19.05,72.8,300.81592,300.20798,0.001227842,0.000547481,100382.664,7,205,2021,0
410,18.8,72.8,300.30118,299.41278,0.001267304,0.000696159,100494.38,7,206,2021,0
411,19.05,72.8,300.47305,299.65656,0.000917342,0.000508442,100466.52,7,206,2021,0
412,18.8,72.8,300.2784,299.5173,0.000893779,0.000632376,100548.37,7,207,2021,0
413,19.05,72.8,300.8637,299.733,0.000793411,0.000533796,100519.23,7,207,2021,0
414,18.8,72.8,300.40173,299.7933,0.000741406,0.000453694,100492.34,7,208,2021,0
415,19.05,72.8,300.75006,299.9651,0.000700738,0.000432388,100464.375,7,208,2021,0
416,18.8,72.8,301.02228,300.33334,0.001319048,0.000551909,100530.84,7,209,2021,0
417,19.05,72.8,301.2215,300.51022,0.000949906,0.000499167,100501.414,7,209,2021,0
418,18.8,72.8,301.18024,300.62265,0.001121717,0.000372516,100643.4,7,210,2021,0
419,19.05,72.8,301.47485,300.76318,0.000920463,0.000331265,100611.555,7,210,2021,0
420,18.8,72.8,301.1359,300.87143,0.001060178,0.000451929,100745.59,7,211,2021,0
421,19.05,72.8,301.2325,300.94238,0.001311156,0.000445878,100714.52,7,211,2021,0
422,18.8,72.8,301.32346,300.6721,0.000281141,0.000181613,100829.055,7,212,2021,0
423,19.05,72.8,301.50864,300.81552,0.000291782,0.000160694,100798.99,7,212,2021,0
424,18.8,72.8,301.10934,300.5983,0.0002551,0.00013541,100710.19,8,213,2021,0
425,19.05,72.8,301.25958,300.73105,0.000177135,0.000119882,100682.805,8,213,2021,0
426,18.8,72.8,300.14447,299.61304,0.000548779,0.000254907,100704.305,8,214,2021,0
427,19.05,72.8,300.59467,299.90103,0.00034618,0.000205883,100676.48,8,214,2021,0
428,18.8,72.8,299.6239,299.15848,0.001392209,0.00078389,100827.164,8,215,2021,0
429,19.05,72.8,300.12,299.43127,0.00118563,0.000592242,100798.125,8,215,2021,0
430,18.8,72.8,300.77283,299.9741,0.000517043,0.000301104,100827.21,8,216,2021,0
431,19.05,72.8,300.9475,300.16043,0.00036358,0.000231242,100797.38,8,216,2021,0
432,18.8,72.8,300.88974,300.1666,0.000388507,0.000234734,100648.445,8,217,2021,0
433,19.05,72.8,301.32983,300.374,0.000313574,0.000196118,100620.5,8,217,2021,0
434,18.8,72.8,301.16373,300.28232,0.000318992,0.000180017,100555.836,8,218,2021,0
435,19.05,72.8,301.45026,300.52176,0.000269734,0.000146306,100532.01,8,218,2021,0
436,18.8,72.8,300.39212,299.73636,0.000304987,0.000188088,100619.125,8,219,2021,0
437,19.05,72.8,300.72726,299.99423,0.000282657,0.000181779,100599.96,8,219,2021,0
438,18.8,72.8,300.7904,299.76212,0.000432775,0.000182834,100750.85,8,220,2021,0
439,19.05,72.8,301.1234,299.983,0.000400137,0.000169557,100736.63,8,220,2021,0
440,18.8,72.8,300.48602,299.84158,0.000242235,0.00012742,100882.22,8,221,2021,0
441,19.05,72.8,300.84128,300.0715,0.000284081,0.000139434,100870.414,8,221,2021,0
442,18.8,72.8,300.1906,299.85748,0.000335581,0.000189201,100887.44,8,222,2021,0
443,19.05,72.8,300.44528,300.0701,0.000523116,0.000202858,100873.76,8,222,2021,0
444,18.8,72.8,300.25232,299.65372,0.000370694,0.000203753,100871.66,8,223,2021,0
445,19.05,72.8,300.6651,299.94095,0.000356865,0.000204843,100854.305,8,223,2021,0
446,18.8,72.8,300.5014,299.52307,0.000472874,0.000246256,100951.31,8,224,2021,0
447,19.05,72.8,300.7575,299.7842,0.000409319,0.000222132,100933.02,8,224,2021,0
448,18.8,72.8,300.67456,299.78964,0.000327667,0.000176304,100847.98,8,225,2021,0
449,19.05,72.8,300.9099,300.04358,0.00026761,0.000161994,100830.22,8,225,2021,0
450,18.8,72.8,299.77795,299.27087,0.000570458,0.000316501,100674.625,8,226,2021,0
451,19.05,72.8,300.2702,299.53024,0.000508494,0.000267667,100654.06,8,226,2021,0
452,18.8,72.8,299.7104,298.8652,0.000640685,0.00040292,100672.59,8,227,2021,0
453,19.05,72.8,299.9069,299.06995,0.000594863,0.000357723,100653.99,8,227,2021,0
454,18.8,72.8,300.2904,299.1832,0.000618757,0.000198871,100800.164,8,228,2021,0
455,19.05,72.8,300.39697,299.37692,0.00056255,0.000190396,100785.586,8,228,2021,0
456,18.8,72.8,300.07297,299.46164,0.000366394,0.000153632,100816.91,8,229,2021,0
457,19.05,72.8,300.30832,299.62875,0.00038481,0.000159919,100805.695,8,229,2021,0
458,18.8,72.8,300.04626,299.3055,0.000762536,0.000433278,100668.72,8,230,2021,0
459,19.05,72.8,300.23108,299.39352,0.00099905,0.0004789,100655.195,8,230,2021,0
460,18.8,72.8,299.81232,299.25467,0.001483718,0.000950207,100631.63,8,231,2021,0
461,19.05,72.8,300.01834,299.31433,0.00206677,0.001195733,100615.66,8,231,2021,0
462,18.8,72.8,299.4942,299.06644,0.001842649,0.000847804,100663.72,8,232,2021,0
463,19.05,72.8,299.73898,299.15204,0.002127537,0.001029058,100647.41,8,232,2021,0
464,18.8,72.8,299.60043,299.11313,0.003583817,0.001934766,100777.805,8,233,2021,0
465,19.05,72.8,299.66257,299.19785,0.003749802,0.001803982,100758.086,8,233,2021,0
466,18.8,72.8,300.582,299.7207,0.000496896,0.000204898,100827.4,8,234,2021,0
467,19.05,72.8,300.76453,299.84348,0.000375535,0.000179807,100816.055,8,234,2021,0
468,18.8,72.8,301.14008,300.08682,0.000211339,7.62e-05,100809.54,8,235,2021,0
469,19.05,72.8,301.3808,300.21216,0.000211125,7.42e-05,100802.52,8,235,2021,0
470,18.8,72.8,301.05344,300.3283,0.000211538,6.74e-05,100810.055,8,236,2021,0
471,19.05,72.8,301.43195,300.4768,0.000182504,6.03e-05,100801.375,8,236,2021,0
472,18.8,72.8,300.88153,300.1786,0.000239104,8.35e-05,100731.29,8,237,2021,0
473,19.05,72.8,301.19348,300.36606,0.000267393,8.08e-05,100720.74,8,237,2021,0
474,18.8,72.8,300.5431,300.10178,0.000430965,0.000154761,100561.78,8,238,2021,0
475,19.05,72.8,300.86224,300.29044,0.000459161,0.000157361,100548.9,8,238,2021,0
476,18.8,72.8,300.95493,300.07584,0.000224682,0.000102305,100498.98,8,239,2021,0
477,19.05,72.8,301.33386,300.25412,0.000230101,9.74e-05,100487.47,8,239,2021,0
478,18.8,72.8,300.8606,299.87308,0.000185974,8.2e-05,100397.695,8,240,2021,0
479,19.05,72.8,301.20093,300.0502,0.000188803,7.91e-05,100387.87,8,240,2021,0
480,18.8,72.8,300.51474,299.76242,0.0002039,7.6e-05,100380.54,8,241,2021,0
481,19.05,72.8,300.85248,299.9953,0.000206591,8.42e-05,100370.84,8,241,2021,0
482,18.8,72.8,300.49823,300.04495,0.000788486,0.000290676,100526.35,8,242,2021,0
483,19.05,72.8,300.68042,300.33182,0.001282743,0.000375044,100516.69,8,242,2021,0
484,18.8,72.8,300.13626,299.4652,0.007343944,0.002620943,100544.805,8,243,2021,0
485,19.05,72.8,300.23718,299.60367,0.009632167,0.003221889,100524.086,8,243,2021,0
486,18.8,72.8,300.15076,299.44058,0.001907796,0.00080226,100605.04,9,244,2021,0
487,19.05,72.8,300.12598,299.5911,0.002194939,0.000710734,100580.01,9,244,2021,0
488,18.8,72.8,299.95007,299.66138,0.001562452,0.000459223,100609.06,9,245,2021,0
489,19.05,72.8,300.15656,299.86118,0.001528541,0.000439771,100584.01,9,245,2021,0
490,18.8,72.8,300.4784,299.5348,0.001516382,0.000667298,100561.32,9,246,2021,0
491,19.05,72.8,301.00778,299.6898,0.001709378,0.000666618,100542.63,9,246,2021,0
492,18.8,72.8,300.14478,299.50665,0.001078575,0.000528093,100611.695,9,247,2021,0
493,19.05,72.8,300.5643,299.69907,0.000850434,0.000449665,100595.59,9,247,2021,0
494,18.8,72.8,300.23972,299.39954,0.000850612,0.000392582,100622.91,9,248,2021,0
495,19.05,72.8,300.6229,299.64764,0.000754025,0.000325254,100606.91,9,248,2021,0
496,18.8,72.8,300.17535,299.5177,0.002681969,0.000995894,100568.68,9,249,2021,0
497,19.05,72.8,300.6546,299.759,0.002450072,0.000834276,100554.12,9,249,2021,0
498,18.8,72.8,300.3838,299.8589,0.003954854,0.001773239,100390.22,9,250,2021,0
499,19.05,72.8,300.52808,299.9759,0.004962232,0.00161758,100378.664,9,250,2021,0
500,18.8,72.8,300.5193,299.90518,0.002617931,0.001296535,100314.82,9,251,2021,0
501,19.05,72.8,300.8026,300.0839,0.002355812,0.001047432,100278.53,9,251,2021,0
502,18.8,72.8,300.28284,299.69452,0.000832696,0.000557901,100648.68,9,252,2021,0
503,19.05,72.8,300.58444,299.84982,0.000687709,0.000470642,100618.586,9,252,2021,0
504,18.8,72.8,299.91663,299.4233,0.000984511,0.000618048,100682.72,9,253,2021,0
505,19.05,72.8,300.28375,299.65073,0.001170597,0.000551605,100654.4,9,253,2021,0
506,18.8,72.8,300.35327,299.70773,0.002325653,0.000993999,100468.9,9,254,2021,0
507,19.05,72.8,300.51758,299.8682,0.002595994,0.001012407,100443.625,9,254,2021,0
508,18.8,72.8,300.1377,299.76184,0.002007178,0.001165451,100300.305,9,255,2021,0
509,19.05,72.8,300.4496,299.96802,0.002960107,0.001002686,100276.56,9,255,2021,0
510,18.8,72.8,300.99918,300.1305,0.002899641,0.001591183,100241.34,9,256,2021,0
511,19.05,72.8,301.0073,300.34402,0.002190671,0.001283138,100211.74,9,256,2021,0
512,18.8,72.8,300.96906,300.69138,0.000769751,0.000416258,100332.23,9,257,2021,0
513,19.05,72.8,301.04752,300.70166,0.001611032,0.000556952,100304.1,9,257,2021,0
514,18.8,72.8,301.15024,300.5265,0.000447345,0.000251003,100450.66,9,258,2021,0
515,19.05,72.8,301.32812,300.64908,0.000708039,0.00031949,100428.195,9,258,2021,0
516,18.8,72.8,300.91827,300.16544,0.000348841,0.000178742,100591.086,9,259,2021,0
517,19.05,72.8,301.15524,300.33255,0.000431802,0.000175456,100574.02,9,259,2021,0
518,18.8,72.8,300.9716,300.1672,0.000312626,0.000123501,100622.055,9,260,2021,0
519,19.05,72.8,301.13898,300.24982,0.00035752,0.000117636,100608.1,9,260,2021,0
520,18.8,72.8,300.4493,299.69073,0.000257213,0.000156563,100773.78,9,261,2021,0
521,19.05,72.8,300.53723,299.80777,0.000318875,0.000157983,100761.87,9,261,2021,0
522,18.8,72.8,300.15732,299.56967,0.001515914,0.000537828,100973.57,9,262,2021,0
523,19.05,72.8,300.55173,299.7332,0.001632186,0.000605225,100960.0,9,262,2021,0
524,18.8,72.8,300.66306,299.9292,0.000847613,0.000266056,100927.44,9,263,2021,0
525,19.05,72.8,300.94232,300.14804,0.000943334,0.000292036,100915.38,9,263,2021,0
526,18.8,72.8,299.9018,299.5494,0.001273755,0.000608848,100815.97,9,264,2021,0
527,19.05,72.8,300.29938,299.71902,0.001284005,0.000597666,100799.09,9,264,2021,0
528,18.8,72.8,300.13577,299.45142,0.001222034,0.00058477,100650.22,9,265,2021,0
529,19.05,72.8,300.2493,299.61703,0.001052339,0.000509318,100633.48,9,265,2021,0
530,18.8,72.8,300.06494,299.3985,0.000339331,0.000200424,100638.06,9,266,2021,0
531,19.05,72.8,300.49753,299.72183,0.000357317,0.000192994,100621.555,9,266,2021,0
532,18.8,72.8,300.7087,299.8299,0.000226205,8.05e-05,100745.87,9,267,2021,0
533,19.05,72.8,301.01978,300.092,0.000281504,8.35e-05,100734.34,9,267,2021,0
534,18.8,72.8,300.67212,299.78186,0.00022173,0.000102785,100779.28,9,268,2021,0
535,19.05,72.8,300.98865,299.98386,0.000253941,0.000110348,100770.21,9,268,2021,0
536,18.8,72.8,300.72476,299.7786,0.000254114,0.000104554,100614.125,9,269,2021,0
537,19.05,72.8,300.97363,299.94608,0.000271327,0.000110259,100606.72,9,269,2021,0
538,18.8,72.8,300.21768,299.8681,0.001992269,0.000556642,100453.51,9,270,2021,0
539,19.05,72.8,300.4798,300.01266,0.001949942,0.000533,100445.79,9,270,2021,0
540,18.8,72.8,300.28168,299.67847,0.001944151,0.00103697,100385.56,9,271,2021,0
541,19.05,72.8,300.2767,299.777,0.002460572,0.000982138,100370.02,9,271,2021,0
542,18.8,72.8,300.71155,300.02316,0.002331349,0.000887055,100478.336,9,272,2021,0
543,19.05,72.8,300.64474,299.94278,0.004039141,0.001389329,100453.78,9,272,2021,0
544,18.8,72.8,300.9812,300.00992,0.000416861,0.000218381,100790.76,9,273,2021,0
545,19.05,72.8,301.3688,300.11462,0.000481733,0.000222735,100780.97,9,273,2021,0
546,18.8,72.8,301.57547,300.60754,0.000135523,2.56e-05,100904.305,10,274,2021,0
547,19.05,72.8,302.01804,300.68777,0.000222087,3.84e-05,100900.88,10,274,2021,0
548,18.8,72.8,301.7717,300.94894,0.000658087,6.73e-05,100870.34,10,275,2021,0
549,19.05,72.8,302.0369,300.9797,0.000720167,0.000106185,100872.37,10,275,2021,0
550,18.8,72.8,302.30402,301.13657,0.000655362,3.67e-05,100806.38,10,276,2021,0
551,19.05,72.8,303.03058,301.20593,0.000701126,4.34e-05,100805.59,10,276,2021,0
552,18.8,72.8,302.43042,301.37936,0.000339979,3.44e-05,100743.086,10,277,2021,0
553,19.05,72.8,302.9713,301.54617,0.000225118,2.71e-05,100740.125,10,277,2021,0
554,18.8,72.8,302.5143,301.56232,0.000274289,2.91e-05,100740.4,10,278,2021,0
555,19.05,72.8,303.3097,301.78888,5.55e-06,9.05e-07,100742.84,10,278,2021,0
556,18.8,72.8,303.4386,301.97653,0.000462203,2.33e-05,100661.27,10,279,2021,1
557,19.05,72.8,304.4251,302.0749,0.00042149,2.47e-05,100663.46,10,279,2021,1
558,18.8,72.8,303.50668,301.7656,0.000797824,7.78e-05,100590.93,10,280,2021,1
559,19.05,72.8,304.2887,302.01175,0.000175114,2.57e-05,100587.48,10,280,2021,1
560,18.8,72.8,301.91098,300.82706,0.001639037,0.00016759,100703.6,10,281,2021,0
561,19.05,72.8,302.1259,300.97964,0.00196412,0.000204231,100701.25,10,281,2021,0
562,18.8,72.8,301.77173,300.82217,0.001159245,0.000283104,100857.84,10,282,2021,0
563,19.05,72.8,301.92346,300.85373,0.001035808,0.000302477,100852.38,10,282,2021,0
564,18.8,72.8,301.73514,300.79028,0.00162295,0.000233357,100869.52,10,283,2021,0
565,19.05,72.8,301.93518,300.91708,0.000683641,0.000155051,100866.26,10,283,2021,0
566,18.8,72.8,301.54434,300.56003,0.000355725,0.000108644,100723.74,10,284,2021,0
567,19.05,72.8,302.10513,300.77353,0.000691232,9.74e-05,100719.21,10,284,2021,0
568,18.8,72.8,302.0843,300.79065,0.000601467,0.000125852,100656.94,10,285,2021,0
569,19.05,72.8,302.59235,300.9361,0.000534275,0.000125774,100655.06,10,285,2021,0
570,18.8,72.8,302.84534,301.49594,3.51e-05,2.97e-06,100616.62,10,286,2021,0
571,19.05,72.8,303.4973,301.70505,3.53e-05,2.12e-06,100614.44,10,286,2021,1
572,18.8,72.8,303.1427,302.19403,3.24e-06,3.26e-07,100573.69,10,287,2021,0
573,19.05,72.8,303.96338,302.5341,4e-06,3.77e-07,100569.69,10,287,2021,1
574,18.8,72.8,304.0782,302.33173,0.0,0.0,100359.48,10,288,2021,1
575,19.05,72.8,304.86877,302.53842,0.0,0.0,100361.69,10,288,2021,1
576,18.8,72.8,303.44888,301.99808,0.0,0.0,100297.586,10,289,2021,1
577,19.05,72.8,304.15076,302.07983,0.0,0.0,100299.48,10,289,2021,1
578,18.8,72.8,302.87195,301.8403,0.0,0.0,100406.57,10,290,2021,0
579,19.05,72.8,303.33142,301.8411,0.0,0.0,100396.22,10,290,2021,0
580,18.8,72.8,302.2433,301.62723,5.65e-05,1.14e-05,100731.76,10,291,2021,0
581,19.05,72.8,302.69232,301.78027,3.78e-05,4.58e-06,100714.46,10,291,2021,0
582,18.8,72.8,301.6035,300.92026,1.17e-05,1.48e-06,101103.23,10,292,2021,0
583,19.05,72.8,301.94717,301.02,3.12e-05,6.32e-06,101094.74,10,292,2021,0
584,18.8,72.8,301.5725,300.3644,6.48e-06,1.16e-06,101305.03,10,293,2021,0
585,19.05,72.8,302.2204,300.52164,9.15e-06,1.04e-06,101305.71,10,293,2021,0
586,18.8,72.8,302.70276,300.81467,0.0,0.0,101273.695,10,294,2021,0
587,19.05,72.8,303.29816,300.9012,0.0,0.0,101278.805,10,294,2021,0
588,18.8,72.8,303.1045,301.09702,0.0,0.0,101244.18,10,295,2021,0
589,19.05,72.8,303.7513,301.1594,0.0,0.0,101247.6,10,295,2021,1
590,18.8,72.8,302.2006,300.502,0.0,0.0,101277.02,10,296,2021,0
591,19.05,72.8,302.6721,300.4661,0.0,0.0,101280.164,10,296,2021,0
592,18.8,72.8,301.20117,300.0031,1.33e-06,1.19e-07,101333.53,10,297,2021,0
593,19.05,72.8,301.75653,300.11865,3.05e-06,2.38e-07,101333.1,10,297,2021,0
594,18.8,72.8,301.56207,299.97867,1.72e-06,1.71e-07,101264.24,10,298,2021,0
595,19.05,72.8,302.21417,300.16,6.1e-06,4.77e-07,101267.77,10,298,2021,0
596,18.8,72.8,302.49762,300.60123,0.0,0.0,101093.72,10,299,2021,0
597,19.05,72.8,303.18512,300.74133,0.0,0.0,101098.49,10,299,2021,0
598,18.8,72.8,303.4427,301.11057,0.0,0.0,101129.37,10,300,2021,1
599,19.05,72.8,303.88245,301.12036,0.0,0.0,101137.5,10,300,2021,1
600,18.8,72.8,303.11868,300.8411,0.0,0.0,101165.38,10,301,2021,0
601,19.05,72.8,303.78387,300.8707,0.0,0.0,101175.46,10,301,2021,1
602,18.8,72.8,302.8003,300.65988,0.0,0.0,101275.97,10,302,2021,0
603,19.05,72.8,303.36627,300.63812,0.0,0.0,101292.48,10,302,2021,0
604,18.8,72.8,302.63446,300.40155,0.0,0.0,101305.28,10,303,2021,0
605,19.05,72.8,302.93054,300.2067,0.0,0.0,101322.07,10,303,2021,0
606,18.8,72.8,302.24832,300.3564,0.0,0.0,101211.375,10,304,2021,0
607,19.05,72.8,302.67596,300.36804,0.0,0.0,101218.01,10,304,2021,0
608,18.8,72.8,302.08777,300.40564,0.0,0.0,101086.555,11,305,2021,0
609,19.05,72.8,302.89288,300.5847,0.0,0.0,101086.94,11,305,2021,0
610,18.8,72.8,303.06256,300.72296,1.91e-07,7.94e-09,101019.48,11,306,2021,0
611,19.05,72.8,303.71832,300.91965,0.0,0.0,101025.04,11,306,2021,1
612,18.8,72.8,302.8917,301.02463,0.0,0.0,101039.23,11,307,2021,0
613,19.05,72.8,303.58292,301.05997,0.0,0.0,101046.85,11,307,2021,1
614,18.8,72.8,302.66913,301.06973,6.89e-05,4.09e-06,100994.21,11,308,2021,0
615,19.05,72.8,303.2735,301.21548,7.63e-07,3.18e-08,100998.51,11,308,2021,0
616,18.8,72.8,302.46057,300.92444,0.000313282,3.33e-05,100963.19,11,309,2021,0
617,19.05,72.8,303.11383,301.1511,4.29e-05,4.15e-06,100960.65,11,309,2021,0
618,18.8,72.8,301.706,300.27658,0.000375357,0.000114511,100948.6,11,310,2021,0
619,19.05,72.8,302.38965,300.5947,0.001764297,0.000335271,100948.6,11,310,2021,0
620,18.8,72.8,302.05835,300.4327,3.15e-06,1.63e-07,100876.0,11,311,2021,0
621,19.05,72.8,302.58322,300.6022,1.26e-05,6.51e-07,100879.29,11,311,2021,0
622,18.8,72.8,302.22595,300.53912,0.0,0.0,101035.664,11,312,2021,0
623,19.05,72.8,302.6014,300.63095,0.0,0.0,101035.65,11,312,2021,0
624,18.8,72.8,302.73227,300.2172,0.0,0.0,101123.27,11,313,2021,0
625,19.05,72.8,303.09433,300.1473,0.0,0.0,101133.305,11,313,2021,0
626,18.8,72.8,302.21387,299.79788,0.0,0.0,101076.055,11,314,2021,0
627,19.05,72.8,302.62714,299.6459,0.0,0.0,101085.68,11,314,2021,0
628,18.8,72.8,302.24847,299.6962,0.0,0.0,100912.34,11,315,2021,0
629,19.05,72.8,302.58414,299.51694,0.0,0.0,100924.0,11,315,2021,0
630,18.8,72.8,301.96713,299.81006,0.0,0.0,100854.125,11,316,2021,0
631,19.05,72.8,302.19614,299.5964,0.0,0.0,100868.74,11,316,2021,0
632,18.8,72.8,301.87527,300.29617,0.0,0.0,100837.37,11,317,2021,0
633,19.05,72.8,302.16278,300.14322,0.0,0.0,100847.85,11,317,2021,0
634,18.8,72.8,302.15863,300.65598,1.12e-05,7.59e-07,100817.47,11,318,2021,0
635,19.05,72.8,302.5375,300.6131,0.0,0.0,100820.9,11,318,2021,0
636,18.8,72.8,302.1621,300.71573,0.0,0.0,100690.18,11,319,2021,0
637,19.05,72.8,302.49326,300.65762,0.0,0.0,100693.01,11,319,2021,0
638,18.8,72.8,302.36926,301.03207,2.71e-05,1.35e-06,100614.555,11,320,2021,0
639,19.05,72.8,302.81412,301.06152,1.57e-05,6.55e-07,100618.81,11,320,2021,0
640,18.8,72.8,302.3012,300.77515,0.001675594,0.000368669,100769.414,11,321,2021,0
641,19.05,72.8,302.7085,300.8909,0.001610023,0.00030114,100771.1,11,321,2021,0
642,18.8,72.8,301.19098,299.92603,0.001162595,0.000201482,100826.625,11,322,2021,0
643,19.05,72.8,301.5907,300.05777,0.000930492,0.00019344,100825.19,11,322,2021,0
644,18.8,72.8,301.5937,300.33478,0.000324152,6.06e-05,100605.01,11,323,2021,0
645,19.05,72.8,302.363,300.44824,0.000328642,4.28e-05,100604.48,11,323,2021,0
646,18.8,72.8,302.65808,301.2471,6.64e-05,6.3e-06,100495.03,11,324,2021,0
647,19.05,72.8,303.09018,301.29648,0.000123527,1.06e-05,100497.21,11,324,2021,0
648,18.8,72.8,302.42697,301.10913,0.002201602,0.0003892,100746.27,11,325,2021,0
649,19.05,72.8,302.79596,301.1305,0.00208792,0.000403777,100753.72,11,325,2021,0
650,18.8,72.8,301.46417,300.6549,0.000270057,5.61e-05,101122.82,11,326,2021,0
651,19.05,72.8,301.7865,300.54892,0.000398966,7.68e-05,101125.98,11,326,2021,0
652,18.8,72.8,301.90088,300.84103,2.84e-05,5.65e-06,101076.25,11,327,2021,0
653,19.05,72.8,302.4547,300.97372,3.4e-05,3.67e-06,101074.5,11,327,2021,0
654,18.8,72.8,302.4717,301.2986,6.11e-05,1.05e-05,101037.52,11,328,2021,0
655,19.05,72.8,303.10944,301.50702,6.08e-05,8.38e-06,101037.66,11,328,2021,0
656,18.8,72.8,303.0727,301.61295,0.0,0.0,101099.055,11,329,2021,0
657,19.05,72.8,303.62665,301.7796,0.0,0.0,101103.69,11,329,2021,1
658,18.8,72.8,303.00623,301.3128,0.0,0.0,101147.12,11,330,2021,0
659,19.05,72.8,303.42346,301.3602,0.0,0.0,101150.37,11,330,2021,1
660,18.8,72.8,302.91174,300.92838,0.0,0.0,101147.51,11,331,2021,0
661,19.05,72.8,303.27045,300.934,0.0,0.0,101151.32,11,331,2021,0
662,18.8,72.8,303.6015,300.86417,0.0,0.0,101218.01,11,332,2021,1
663,19.05,72.8,303.84656,300.70682,0.0,0.0,101226.305,11,332,2021,1
664,18.8,72.8,303.00735,300.49252,0.0,0.0,101222.15,11,333,2021,0
665,19.05,72.8,303.1958,300.1277,0.0,0.0,101235.375,11,333,2021,0
666,18.8,72.8,302.34674,300.574,0.000215437,2.87e-05,101145.73,11,334,2021,0
667,19.05,72.8,302.71024,300.4773,0.000229545,2.75e-05,101156.34,11,334,2021,0
668,18.8,72.8,300.08292,298.91263,0.004414629,0.001047249,101095.19,12,335,2021,0
669,19.05,72.8,299.95734,298.56012,0.004266281,0.001049594,101123.15,12,335,2021,0
670,18.8,72.8,299.10822,297.301,0.010005977,0.003116309,100991.29,12,336,2021,0
671,19.05,72.8,298.57794,296.67386,0.008722812,0.002634642,101012.305,12,336,2021,0
672,18.8,72.8,299.42477,298.4174,0.000410824,0.000186526,101143.76,12,337,2021,0
673,19.05,72.8,299.60287,298.16776,0.000494341,0.000219024,101146.22,12,337,2021,0
674,18.8,72.8,299.75336,298.60715,6.98e-05,2.29e-05,101207.75,12,338,2021,0
675,19.05,72.8,299.9081,298.45813,9.27e-05,2.61e-05,101207.57,12,338,2021,0
676,18.8,72.8,299.41388,298.39978,0.000276378,6.72e-05,101270.69,12,339,2021,0
677,19.05,72.8,299.61084,298.37155,0.000259479,6.99e-05,101269.65,12,339,2021,0
678,18.8,72.8,300.3614,298.62747,1.75e-05,3.56e-06,101256.03,12,340,2021,0
679,19.05,72.8,300.86902,298.68896,2.77e-05,4.26e-06,101257.69,12,340,2021,0
680,18.8,72.8,301.3063,299.44702,0.0,0.0,101255.336,12,341,2021,0
681,19.05,72.8,301.87762,299.36862,0.0,0.0,101261.85,12,341,2021,0
682,18.8,72.8,302.18115,299.97488,0.0,0.0,101243.164,12,342,2021,0
683,19.05,72.8,302.242,299.78186,0.0,0.0,101254.445,12,342,2021,0
684,18.8,72.8,302.34488,300.14252,0.0,0.0,101383.4,12,343,2021,0
685,19.05,72.8,302.31644,299.8832,0.0,0.0,101394.73,12,343,2021,0
686,18.8,72.8,302.037,299.88055,0.0,0.0,101432.74,12,344,2021,0
687,19.05,72.8,302.34348,299.64093,0.0,0.0,101443.4,12,344,2021,0
688,18.8,72.8,302.30505,300.20233,0.0,0.0,101396.77,12,345,2021,0
689,19.05,72.8,302.42407,299.87253,0.0,0.0,101407.13,12,345,2021,0
690,18.8,72.8,302.10532,299.76804,0.0,0.0,101402.695,12,346,2021,0
691,19.05,72.8,302.43286,299.5825,0.0,0.0,101411.07,12,346,2021,0
692,18.8,72.8,301.96158,299.65518,0.0,0.0,101364.945,12,347,2021,0
693,19.05,72.8,302.12503,299.48892,0.0,0.0,101373.27,12,347,2021,0
694,18.8,72.8,300.76135,298.99802,0.0,0.0,101356.37,12,348,2021,0
695,19.05,72.8,301.00015,298.7326,0.0,0.0,101363.445,12,348,2021,0
696,18.8,72.8,299.8933,298.1749,0.0,0.0,101356.71,12,349,2021,0
697,19.05,72.8,300.31348,297.98807,0.0,0.0,101360.72,12,349,2021,0
698,18.8,72.8,300.06445,298.29446,1.22e-05,8.98e-07,101438.555,12,350,2021,0
699,19.05,72.8,300.44476,298.0924,5.75e-07,2.41e-08,101444.945,12,350,2021,0
700,18.8,72.8,299.85858,298.02457,0.0,0.0,101480.52,12,351,2021,0
701,19.05,72.8,300.22894,297.73068,0.0,0.0,101487.875,12,351,2021,0
702,18.8,72.8,300.9778,298.47855,0.0,0.0,101447.49,12,352,2021,0
703,19.05,72.8,301.412,298.2583,0.0,0.0,101456.03,12,352,2021,0
704,18.8,72.8,300.9455,298.43613,0.0,0.0,101499.875,12,353,2021,0
705,19.05,72.8,301.26584,298.24728,0.0,0.0,101507.62,12,353,2021,0
706,18.8,72.8,300.69806,298.20157,0.0,0.0,101503.66,12,354,2021,0
707,19.05,72.8,301.15448,298.00394,0.0,0.0,101510.94,12,354,2021,0
708,18.8,72.8,299.9207,297.818,0.0,0.0,101484.69,12,355,2021,0
709,19.05,72.8,300.28522,297.6563,0.0,0.0,101487.79,12,355,2021,0
710,18.8,72.8,299.2801,297.52383,0.0,0.0,101357.99,12,356,2021,0
711,19.05,72.8,299.73044,297.36337,1.91e-07,7.94e-09,101360.44,12,356,2021,0
712,18.8,72.8,298.92297,297.38327,0.0,0.0,101294.88,12,357,2021,0
713,19.05,72.8,299.46365,297.19528,0.0,0.0,101297.62,12,357,2021,0
714,18.8,72.8,298.03256,296.65176,9.54e-07,1.27e-07,101341.31,12,358,2021,0
715,19.05,72.8,298.37463,296.56284,7.63e-07,9.94e-08,101342.41,12,358,2021,0
716,18.8,72.8,297.71902,296.18713,2.1e-06,2.7e-07,101418.055,12,359,2021,0
717,19.05,72.8,298.20245,296.19675,2.96e-06,3.85e-07,101418.5,12,359,2021,0
718,18.8,72.8,299.22034,297.06952,0.0,0.0,101474.27,12,360,2021,0
719,19.05,72.8,299.82462,297.1002,0.0,0.0,101477.5,12,360,2021,0
720,18.8,72.8,300.0442,297.69037,0.0,0.0,101442.99,12,361,2021,0
721,19.05,72.8,300.52002,297.49246,0.0,0.0,101447.93,12,361,2021,0
722,18.8,72.8,299.23926,297.58322,0.0,0.0,101385.22,12,362,2021,0
723,19.05,72.8,299.65533,297.37802,0.0,0.0,101386.03,12,362,2021,0
724,18.8,72.8,298.64233,296.83817,0.0,0.0,101398.13,12,363,2021,0
725,19.05,72.8,298.93832,296.70615,0.0,0.0,101407.81,12,363,2021,0
726,18.8,72.8,300.13336,297.40598,0.0,0.0,101458.164,12,364,2021,0
727,19.05,72.8,300.1465,297.1766,0.0,0.0,101470.37,12,364,2021,0
728,18.8,72.8,300.6819,298.4434,0.0,0.0,101548.28,12,365,2021,0
729,19.05,72.8,300.98187,298.23853,0.0,0.0,101561.22,12,365,2021,0
