valid_time,latitude,longitude,max_temperature,mean_temperature,max_precipitation,mean_precipitation,mslp
2021-01-01,18.8,72.8,300.456,298.66147,1.4300904e-06,1.0725677e-07,101148.02
2021-01-01,19.05,72.8,300.81647,298.3456,5.7256386e-07,2.3933204e-08,101149.62
2021-01-02,18.8,72.8,299.7232,298.4026,2.3072076e-05,1.2195451e-06,101228.52
2021-01-02,19.05,72.8,300.0384,298.26297,2.0184045e-05,8.813906e-07,101229.26
2021-01-03,18.8,72.8,299.1929,297.7191,3.28967e-05,2.5867541e-06,101083.52
2021-01-03,19.05,72.8,299.52826,297.64035,5.693367e-05,3.929754e-06,101085.03
2021-01-04,18.8,72.8,298.77484,297.4315,0.00016686667,1.059236e-05,101067.836
2021-01-04,19.05,72.8,299.06863,297.22733,0.00033804748,2.1892856e-05,101069.78
2021-01-05,18.8,72.8,298.6481,297.3995,5.720358e-07,4.7669534e-08,101178.445
2021-01-05,19.05,72.8,299.14517,297.33853,2.669859e-06,1.1521566e-07,101183.445
2021-01-06,18.8,72.8,299.17773,297.6248,4.357085e-05,1.0572068e-05,101130.65
2021-01-06,19.05,72.8,299.6186,297.50485,8.3442705e-05,8.4517205e-06,101140.15
2021-01-07,18.8,72.8,299.4627,298.039,0.0001541093,2.3641745e-05,100936.71
2021-01-07,19.05,72.8,299.9542,297.93106,0.00016344254,2.1693484e-05,100937.77
2021-01-08,18.8,72.8,299.91852,298.5288,5.8925274e-05,1.486605e-05,100866.72
2021-01-08,19.05,72.8,300.15857,298.33762,0.0001843245,3.790099e-05,100874.125
2021-01-09,18.8,72.8,300.16205,298.68872,6.407734e-05,1.2658428e-05,100940.445
2021-01-09,19.05,72.8,300.8717,298.67276,9.157708e-05,1.19927645e-05,100945.38
2021-01-10,18.8,72.8,300.39886,299.21072,8.679055e-05,5.697881e-06,101009.76
2021-01-10,19.05,72.8,300.91086,299.26886,5.0925315e-05,3.528142e-06,101009.79
2021-01-11,18.8,72.8,302.22403,299.83618,0.0,0.0,101103.04
2021-01-11,19.05,72.8,303.13016,299.86572,0.0,0.0,101105.02
2021-01-12,18.8,72.8,301.7756,300.01028,0.0,0.0,101168.68
2021-01-12,19.05,72.8,302.21442,299.98227,0.0,0.0,101172.93
2021-01-13,18.8,72.8,301.55377,299.8336,0.0,0.0,101130.91
2021-01-13,19.05,72.8,301.81027,299.6795,0.0,0.0,101137.125
2021-01-14,18.8,72.8,300.89142,298.9245,0.0,0.0,101095.23
2021-01-14,19.05,72.8,301.26248,298.61563,0.0,0.0,101099.38
2021-01-15,18.8,72.8,299.21326,298.12943,0.0,0.0,101043.59
2021-01-15,19.05,72.8,299.55005,297.85895,0.0,0.0,101043.15
2021-01-16,18.8,72.8,299.29044,297.65628,0.0,0.0,100962.31
2021-01-16,19.05,72.8,299.60406,297.39706,0.0,0.0,100962.26
2021-01-17,18.8,72.8,299.0876,297.99374,0.0,0.0,100997.625
2021-01-17,19.05,72.8,299.63348,297.7963,9.5316864e-08,3.971536e-09,100997.305
2021-01-18,18.8,72.8,299.73004,298.44434,0.0,0.0,101155.9
2021-01-18,19.05,72.8,300.24976,298.2174,0.0,0.0,101158.4
2021-01-19,18.8,72.8,300.24316,298.70538,0.0,0.0,101166.23
2021-01-19,19.05,72.8,300.9873,298.60324,0.0,0.0,101166.46
2021-01-20,18.8,72.8,300.3727,298.6401,0.0,0.0,101258.51
2021-01-20,19.05,72.8,300.86743,298.4714,0.0,0.0,101261.75
2021-01-21,18.8,72.8,299.3311,297.5624,0.0,0.0,101264.26
2021-01-21,19.05,72.8,299.91452,297.30313,0.0,0.0,101264.38
2021-01-22,18.8,72.8,299.81525,297.66602,0.0,0.0,101186.74
2021-01-22,19.05,72.8,300.50732,297.64386,0.0,0.0,101187.85
2021-01-23,18.8,72.8,300.15768,298.26608,0.0,0.0,101179.66
2021-01-23,19.05,72.8,300.74323,298.15115,0.0,0.0,101181.51
2021-01-24,18.8,72.8,300.10266,298.07346,0.0,0.0,101282.25
2021-01-24,19.05,72.8,300.70013,297.9049,0.0,0.0,101285.48
2021-01-25,18.8,72.8,299.63858,297.4104,0.0,0.0,101353.79
2021-01-25,19.05,72.8,300.1698,297.14468,0.0,0.0,101358.43
2021-01-26,18.8,72.8,298.70477,296.72232,0.0,0.0,101315.81
2021-01-26,19.05,72.8,299.1797,296.45132,0.0,0.0,101318.51
2021-01-27,18.8,72.8,298.5285,296.5458,0.0,0.0,101263.0
2021-01-27,19.05,72.8,299.2612,296.37927,0.0,0.0,101263.68
2021-01-28,18.8,72.8,298.48474,296.60892,0.0,0.0,101295.35
2021-01-28,19.05,72.8,299.06573,296.39706,0.0,0.0,101296.37
2021-01-29,18.8,72.8,299.11618,296.84055,0.0,0.0,101350.94
2021-01-29,19.05,72.8,299.88092,296.657,0.0,0.0,101355.18
2021-01-30,18.8,72.8,299.5319,297.49857,0.0,0.0,101298.12
2021-01-30,19.05,72.8,300.12067,297.23727,0.0,0.0,101302.79
2021-01-31,18.8,72.8,299.9266,297.81204,0.0,0.0,101325.88
2021-01-31,19.05,72.8,300.2556,297.60538,0.0,0.0,101331.62
2021-02-01,18.8,72.8,301.86432,298.73648,0.0,0.0,101449.32
2021-02-01,19.05,72.8,302.5401,298.67886,0.0,0.0,101456.48
2021-02-02,18.8,72.8,301.8706,299.12903,0.0,0.0,101474.66
2021-02-02,19.05,72.8,301.73135,298.97974,0.0,0.0,101479.56
2021-02-03,18.8,72.8,300.01767,298.3557,0.0,0.0,101414.24
2021-02-03,19.05,72.8,300.8597,298.34064,0.0,0.0,101415.03
2021-02-04,18.8,72.8,299.4459,297.93423,0.0,0.0,101383.07
2021-02-04,19.05,72.8,300.16376,297.9336,0.0,0.0,101384.72
2021-02-05,18.8,72.8,299.84424,297.9736,0.0,0.0,101375.43
2021-02-05,19.05,72.8,300.5026,297.8942,0.0,0.0,101377.945
2021-02-06,18.8,72.8,300.9885,298.28616,0.0,0.0,101272.53
2021-02-06,19.05,72.8,301.27936,298.18533,0.0,0.0,101287.62
2021-02-07,18.8,72.8,301.22644,298.574,0.0,0.0,101311.23
2021-02-07,19.05,72.8,301.5923,298.4164,0.0,0.0,101329.25
2021-02-08,18.8,72.8,301.37173,298.53146,0.0,0.0,101378.29
2021-02-08,19.05,72.8,301.74036,298.29428,0.0,0.0,101388.37
2021-02-09,18.8,72.8,300.88336,298.30228,0.0,0.0,101291.586
2021-02-09,19.05,72.8,301.62244,298.19034,0.0,0.0,101298.51
2021-02-10,18.8,72.8,300.17194,298.01584,0.0,0.0,101192.375
2021-02-10,19.05,72.8,300.84308,298.0153,0.0,0.0,101193.68
2021-02-11,18.8,72.8,300.11987,298.09488,0.0,0.0,101076.84
2021-02-11,19.05,72.8,300.92108,298.11404,0.0,0.0,101079.695
2021-02-12,18.8,72.8,299.5844,298.1743,0.0,0.0,101141.79
2021-02-12,19.05,72.8,300.34198,298.21808,0.0,0.0,101137.0
2021-02-13,18.8,72.8,299.35992,297.92325,0.0,0.0,101270.85
2021-02-13,19.05,72.8,300.1078,297.9061,0.0,0.0,101267.445
2021-02-14,18.8,72.8,299.18253,297.88333,0.0,0.0,101310.26
2021-02-14,19.05,72.8,299.93512,297.92273,0.0,0.0,101307.37
2021-02-15,18.8,72.8,298.96906,297.731,0.0,0.0,101244.37
2021-02-15,19.05,72.8,299.53467,297.71643,0.0,0.0,101239.96
2021-02-16,18.8,72.8,298.49878,297.28458,0.0,0.0,101201.195
2021-02-16,19.05,72.8,299.05713,297.3268,0.0,0.0,101197.445
2021-02-17,18.8,72.8,299.06323,297.52588,0.0,0.0,101173.59
2021-02-17,19.05,72.8,299.89282,297.6899,0.0,0.0,101169.74
2021-02-18,18.8,72.8,299.66864,298.42993,4.2711523e-05,2.3437403e-06,101167.54
2021-02-18,19.05,72.8,300.62524,298.58792,4.4718385e-05,1.9529793e-06,101164.02
2021-02-19,18.8,72.8,301.22238,298.94055,9.249274e-06,6.3575334e-07,101344.91
2021-02-19,19.05,72.8,301.53278,298.94366,1.5640242e-05,7.3934217e-07,101354.13
2021-02-20,18.8,72.8,301.01392,298.73917,0.0,0.0,101360.52
2021-02-20,19.05,72.8,301.64893,298.7773,0.0,0.0,101371.445
2021-02-21,18.8,72.8,301.76135,299.44724,0.0,0.0,101304.695
2021-02-21,19.05,72.8,302.43994,299.52356,0.0,0.0,101316.195
2021-02-22,18.8,72.8,301.3977,299.59497,0.0,0.0,101337.78
2021-02-22,19.05,72.8,301.7642,299.68573,0.0,0.0,101337.87
2021-02-23,18.8,72.8,300.672,299.5205,0.0,0.0,101242.69
2021-02-23,19.05,72.8,301.5662,299.64163,0.0,0.0,101237.44
2021-02-24,18.8,72.8,301.4217,299.74124,4.099589e-05,1.708162e-06,101091.96
2021-02-24,19.05,72.8,302.20508,299.97815,0.0,0.0,101090.94
2021-02-25,18.8,72.8,301.13342,299.80872,0.0,0.0,101158.43
2021-02-25,19.05,72.8,301.98474,300.00192,0.0,0.0,101158.01
2021-02-26,18.8,72.8,300.01035,299.22794,2.8617796e-07,1.1924082e-08,101092.69
2021-02-26,19.05,72.8,300.86163,299.28842,0.0,0.0,101089.74
2021-02-27,18.8,72.8,300.93567,299.19867,0.0,0.0,100989.9
2021-02-27,19.05,72.8,301.76813,299.329,0.0,0.0,100990.82
2021-02-28,18.8,72.8,301.98895,299.9824,0.0,0.0,100940.25
2021-02-28,19.05,72.8,302.7323,300.17017,0.0,0.0,100942.586
2021-03-01,18.8,72.8,302.4391,300.65225,0.0,0.0,101173.32
2021-03-01,19.05,72.8,303.39246,300.91946,0.0,0.0,101175.66
2021-03-02,18.8,72.8,302.33234,300.7954,0.0,0.0,101257.15
2021-03-02,19.05,72.8,303.3456,300.95798,0.0,0.0,101259.75
2021-03-03,18.8,72.8,301.9718,300.37198,0.0,0.0,101114.57
2021-03-03,19.05,72.8,302.8719,300.55786,0.0,0.0,101116.625
2021-03-04,18.8,72.8,303.50708,300.74405,0.0,0.0,101060.88
2021-03-04,19.05,72.8,304.11514,301.00574,0.0,0.0,101060.305
2021-03-05,18.8,72.8,301.55182,300.2317,0.0,0.0,101177.805
2021-03-05,19.05,72.8,302.65265,300.70706,0.0,0.0,101167.04
2021-03-06,18.8,72.8,300.8053,299.59915,0.0,0.0,101281.52
2021-03-06,19.05,72.8,301.31528,299.66028,0.0,0.0,101272.68
2021-03-07,18.8,72.8,300.92905,298.996,1.2776985e-05,2.4354474e-06,101187.31
2021-03-07,19.05,72.8,301.69666,298.93723,3.0037652e-05,5.1652496e-06,101187.19
2021-03-08,18.8,72.8,301.61487,299.65735,0.0,0.0,101166.06
2021-03-08,19.05,72.8,302.38757,299.70905,0.0,0.0,101168.305
2021-03-09,18.8,72.8,302.26898,300.18747,0.0,0.0,101165.26
2021-03-09,19.05,72.8,303.0949,300.43222,0.0,0.0,101165.01
2021-03-10,18.8,72.8,301.50574,300.40836,0.0,0.0,101188.26
2021-03-10,19.05,72.8,302.39178,300.60385,0.0,0.0,101181.57
2021-03-11,18.8,72.8,300.79315,299.83557,0.0,0.0,101184.305
2021-03-11,19.05,72.8,301.6042,299.95792,0.0,0.0,101177.06
2021-03-12,18.8,72.8,300.85352,299.62967,0.0,0.0,101288.9
2021-03-12,19.05,72.8,301.6921,299.77017,0.0,0.0,101287.6
2021-03-13,18.8,72.8,302.8695,300.91635,0.0,0.0,101242.94
2021-03-13,19.05,72.8,303.7689,301.05026,0.0,0.0,101248.01
2021-03-14,18.8,72.8,302.03387,300.9964,0.0,0.0,101066.85
2021-03-14,19.05,72.8,303.0109,301.18466,0.0,0.0,101061.21
2021-03-15,18.8,72.8,302.25333,301.10617,0.0,0.0,100996.49
2021-03-15,19.05,72.8,303.2271,301.45557,0.0,0.0,100992.4
2021-03-16,18.8,72.8,302.1783,300.94266,0.0,0.0,101040.99
2021-03-16,19.05,72.8,303.151,301.2352,0.0,0.0,101036.5
2021-03-17,18.8,72.8,302.6762,300.79037,0.0,0.0,100930.82
2021-03-17,19.05,72.8,303.56616,301.08682,0.0,0.0,100924.31
2021-03-18,18.8,72.8,301.31476,300.50854,0.0,0.0,100933.13
2021-03-18,19.05,72.8,302.0644,300.69754,0.0,0.0,100922.44
2021-03-19,18.8,72.8,301.32895,300.31488,0.0,0.0,101030.63
2021-03-19,19.05,72.8,302.1226,300.48798,0.0,0.0,101025.88
2021-03-20,18.8,72.8,300.8405,299.461,0.0,0.0,100907.48
2021-03-20,19.05,72.8,301.76068,299.5984,0.0,0.0,100904.73
2021-03-21,18.8,72.8,301.03857,299.63516,5.721539e-07,5.1651025e-08,100839.49
2021-03-21,19.05,72.8,301.94977,299.80008,7.6287495e-07,7.9469736e-08,100833.836
2021-03-22,18.8,72.8,302.3589,300.2911,1.1440716e-06,8.739939e-08,101018.98
2021-03-22,19.05,72.8,303.40463,300.46304,4.7683886e-07,3.9729585e-08,101018.195
2021-03-23,18.8,72.8,302.3363,300.7518,9.886705e-05,4.4054764e-06,101078.555
2021-03-23,19.05,72.8,303.15762,300.97485,4.8174695e-07,3.232754e-08,101079.77
2021-03-24,18.8,72.8,303.03482,301.50986,5.720358e-07,2.3834824e-08,101069.43
2021-03-24,19.05,72.8,304.17303,301.79898,0.0,0.0,101072.75
2021-03-25,18.8,72.8,304.4795,302.50735,0.0,0.0,100991.57
2021-03-25,19.05,72.8,305.35895,302.786,0.0,0.0,100997.22
2021-03-26,18.8,72.8,304.11523,302.32065,0.0,0.0,100895.96
2021-03-26,19.05,72.8,304.88446,302.52676,0.0,0.0,100902.195
2021-03-27,18.8,72.8,305.45496,302.69443,0.0,0.0,100780.086
2021-03-27,19.05,72.8,306.40363,303.00327,0.0,0.0,100784.75
2021-03-28,18.8,72.8,302.2065,301.43716,0.0,0.0,100816.71
2021-03-28,19.05,72.8,302.82806,301.6321,0.0,0.0,100806.086
2021-03-29,18.8,72.8,301.77426,300.5723,1.9063356e-07,1.5886128e-08,100826.836
2021-03-29,19.05,72.8,302.3984,300.74057,9.533431e-07,7.94592e-08,100819.51
2021-03-30,18.8,72.8,301.21405,300.22537,1.0487274e-06,4.7668507e-08,100857.62
2021-03-30,19.05,72.8,301.54037,300.37402,3.8135647e-07,1.5889853e-08,100848.836
2021-03-31,18.8,72.8,301.12027,299.84143,0.0,0.0,100770.52
2021-03-31,19.05,72.8,301.57355,299.98593,9.5316864e-08,3.971536e-09,100764.78
2021-04-01,18.8,72.8,301.1387,300.2089,1.0491999e-06,1.2716016e-07,100732.46
2021-04-01,19.05,72.8,301.46738,300.3586,7.628752e-07,1.1124908e-07,100721.23
2021-04-02,18.8,72.8,301.08945,300.03482,2.0980966e-05,2.5431357e-06,100765.06
2021-04-02,19.05,72.8,301.42038,300.22272,2.1646847e-05,3.055504e-06,100756.44
2021-04-03,18.8,72.8,300.54526,299.54105,2.8617796e-07,1.1924082e-08,100856.1
2021-04-03,19.05,72.8,300.94214,299.81998,0.0,0.0,100847.625
2021-04-04,18.8,72.8,301.0398,300.08905,7.627652e-07,1.1521292e-07,101039.96
2021-04-04,19.05,72.8,301.8427,300.46005,2.0022683e-06,2.8603392e-07,101033.875
2021-04-05,18.8,72.8,301.43597,300.38824,9.531675e-08,7.943062e-09,101029.56
2021-04-05,19.05,72.8,302.28622,300.71506,3.814348e-07,4.7672824e-08,101025.5
2021-04-06,18.8,72.8,303.20245,301.65897,0.0,0.0,100909.63
2021-04-06,19.05,72.8,304.15765,301.96182,0.0,0.0,100907.72
2021-04-07,18.8,72.8,302.52582,301.45828,0.0,0.0,101004.9
2021-04-07,19.05,72.8,303.35907,301.7097,0.0,0.0,101000.59
2021-04-08,18.8,72.8,301.72504,300.87863,0.0,0.0,100900.914
2021-04-08,19.05,72.8,302.2304,301.06927,0.0,0.0,100885.76
2021-04-09,18.8,72.8,301.66,300.56433,5.7213157e-07,9.535605e-08,100838.97
2021-04-09,19.05,72.8,302.41162,300.87463,1.1440654e-06,1.7478767e-07,100831.81
2021-04-10,18.8,72.8,301.90387,300.85892,0.0,0.0,100928.15
2021-04-10,19.05,72.8,302.7712,301.11057,0.0,0.0,100919.26
2021-04-11,18.8,72.8,302.52423,301.22617,0.0,0.0,101030.125
2021-04-11,19.05,72.8,303.4276,301.51187,3.814348e-07,3.1786005e-08,101023.06
2021-04-12,18.8,72.8,302.4511,301.45477,0.0,0.0,101146.055
2021-04-12,19.05,72.8,303.34097,301.75806,1.3349345e-06,6.3565345e-08,101135.15
2021-04-13,18.8,72.8,302.6938,301.86868,2.6885673e-05,1.3268051e-06,101066.01
2021-04-13,19.05,72.8,303.61798,302.16678,0.00010688603,4.869356e-06,101057.31
2021-04-14,18.8,72.8,303.0299,302.0278,2.4788395e-05,2.383482e-06,101027.73
2021-04-14,19.05,72.8,303.60382,302.28363,1.0023069e-05,8.2343627e-07,101020.48
2021-04-15,18.8,72.8,302.52213,301.6019,0.0,0.0,101023.586
2021-04-15,19.05,72.8,302.94244,301.8304,0.00018821657,7.85825e-06,101015.54
2021-04-16,18.8,72.8,302.15738,301.24304,0.0,0.0,101008.53
2021-04-16,19.05,72.8,303.0349,301.5706,0.0,0.0,101001.695
2021-04-17,18.8,72.8,302.24036,301.19617,4.7681476e-07,4.370609e-08,101052.75
2021-04-17,19.05,72.8,303.12164,301.5115,7.6270896e-07,8.7392e-08,101046.98
2021-04-18,18.8,72.8,303.22577,301.93344,0.0,0.0,101091.22
2021-04-18,19.05,72.8,304.2262,302.2863,0.0,0.0,101083.164
2021-04-19,18.8,72.8,302.51978,301.64578,0.0,0.0,100990.4
2021-04-19,19.05,72.8,303.02527,301.89273,0.0,0.0,100976.0
2021-04-20,18.8,72.8,301.9313,301.01416,3.909716e-06,9.139176e-07,100928.52
2021-04-20,19.05,72.8,302.30176,301.26993,7.5328835e-06,1.2356494e-06,100918.125
2021-04-21,18.8,72.8,302.1535,301.3294,2.7654078e-06,3.37732e-07,101062.164
2021-04-21,19.05,72.8,302.7445,301.61218,4.4825047e-06,6.160924e-07,101053.59
2021-04-22,18.8,72.8,302.74762,301.44623,0.0,0.0,101038.15
2021-04-22,19.05,72.8,303.54227,301.75552,0.0,0.0,101035.22
2021-04-23,18.8,72.8,302.3919,301.41647,0.0,0.0,101049.01
2021-04-23,19.05,72.8,303.1928,301.65933,1.9063373e-07,7.943072e-09,101042.18
2021-04-24,18.8,72.8,302.33655,301.16025,0.0,0.0,100990.43
2021-04-24,19.05,72.8,303.00186,301.4194,0.0,0.0,100984.4
2021-04-25,18.8,72.8,302.661,301.56845,0.0,0.0,100866.46
2021-04-25,19.05,72.8,303.5629,301.99588,9.5316864e-08,3.971536e-09,100856.46
2021-04-26,18.8,72.8,302.9377,302.2322,9.531675e-08,3.971531e-09,100820.664
2021-04-26,19.05,72.8,303.50476,302.5953,0.000140924,6.9604007e-06,100806.914
2021-04-27,18.8,72.8,303.3913,302.2001,1.7166523e-05,3.3735278e-06,100921.75
2021-04-27,19.05,72.8,304.1422,302.4758,0.00028967112,1.3337787e-05,100911.97
2021-04-28,18.8,72.8,302.58575,301.63004,2.8617796e-07,1.1924082e-08,101031.414
2021-04-28,19.05,72.8,303.2614,301.908,0.0002650693,1.1048526e-05,101022.53
2021-04-29,18.8,72.8,302.77112,301.76654,0.0,0.0,100969.164
2021-04-29,19.05,72.8,303.50922,301.96613,0.0,0.0,100960.086
2021-04-30,18.8,72.8,302.41406,301.6857,9.476744e-05,5.5098117e-06,100874.85
2021-04-30,19.05,72.8,303.17673,301.9386,2.555341e-05,1.0647254e-06,100868.73
2021-05-01,18.8,72.8,302.9786,301.91962,2.8617796e-07,1.1924082e-08,100774.02
2021-05-01,19.05,72.8,303.72955,302.24594,1.5172875e-05,1.3671819e-06,100768.94
2021-05-02,18.8,72.8,303.1043,302.38614,2.6695197e-06,1.1122999e-07,100830.664
2021-05-02,19.05,72.8,303.57086,302.55096,1.0774471e-05,9.177311e-07,100820.99
2021-05-03,18.8,72.8,303.94543,302.71512,6.0063526e-06,5.87924e-07,100789.055
2021-05-03,19.05,72.8,304.71335,302.85568,5.2155097e-05,2.7141166e-06,100782.695
2021-05-04,18.8,72.8,303.80853,302.72598,2.0974549e-06,8.739395e-08,100759.66
2021-05-04,19.05,72.8,304.74133,302.97867,0.0,0.0,100750.53
2021-05-05,18.8,72.8,303.4803,302.63858,0.0,0.0,100757.195
2021-05-05,19.05,72.8,304.27692,302.94656,0.0,0.0,100749.164
2021-05-06,18.8,72.8,303.27063,302.3649,0.0,0.0,100813.06
2021-05-06,19.05,72.8,303.88953,302.64468,4.0045707e-06,3.734458e-07,100800.84
2021-05-07,18.8,72.8,303.1894,302.40414,0.0,0.0,100915.53
2021-05-07,19.05,72.8,303.86377,302.66885,5.1489333e-06,4.529114e-07,100906.22
2021-05-08,18.8,72.8,303.37387,302.36264,0.0,0.0,100802.26
2021-05-08,19.05,72.8,304.12854,302.64883,0.0,0.0,100792.71
2021-05-09,18.8,72.8,303.34787,302.3421,1.907756e-06,3.2984522e-07,100727.13
2021-05-09,19.05,72.8,303.75592,302.59,1.5255819e-06,2.2247362e-07,100716.09
2021-05-10,18.8,72.8,303.04077,302.2742,1.9077552e-06,2.6228415e-07,100720.54
2021-05-10,19.05,72.8,303.47726,302.54245,8.5819147e-07,1.7096427e-07,100710.98
2021-05-11,18.8,72.8,302.85315,302.2366,2.4793835e-06,2.2647511e-07,100766.71
2021-05-11,19.05,72.8,303.35245,302.5328,5.1521047e-06,5.6454274e-07,100757.62
2021-05-12,18.8,72.8,302.84418,302.2263,5.378574e-05,9.059716e-06,100640.625
2021-05-12,19.05,72.8,303.27628,302.4877,6.236974e-05,1.0482766e-05,100630.62
2021-05-13,18.8,72.8,303.07312,302.3863,1.9067829e-07,1.588982e-08,100552.625
2021-05-13,19.05,72.8,303.4152,302.57544,2.6731768e-06,2.2261251e-07,100543.41
2021-05-14,18.8,72.8,303.2049,302.21793,6.76904e-06,5.283733e-07,100337.04
2021-05-14,19.05,72.8,303.90723,302.44968,5.531111e-06,4.3320014e-07,100335.43
2021-05-15,18.8,72.8,304.90723,303.56375,7.535575e-05,8.651791e-06,100023.15
2021-05-15,19.05,72.8,305.44342,303.79083,2.3257166e-05,4.0080786e-06,100031.04
2021-05-16,18.8,72.8,306.16095,304.33505,0.0021425933,0.00018112159,99764.9
2021-05-16,19.05,72.8,306.7791,304.69858,0.0007212311,7.123684e-05,99809.195
2021-05-17,18.8,72.8,302.42993,301.06573,0.014272127,0.0057022492,99590.086
2021-05-17,19.05,72.8,303.3849,301.05035,0.013046447,0.0055313185,99591.086
2021-05-18,18.8,72.8,301.7336,301.01218,0.0023486854,0.0013442017,100267.31
2021-05-18,19.05,72.8,302.02905,300.94943,0.0028584094,0.001438886,100235.805
2021-05-19,18.8,72.8,302.1614,301.17038,0.001410658,0.00040452636,100464.6
2021-05-19,19.05,72.8,302.41333,301.29016,0.0016778358,0.00042668518,100446.37
2021-05-20,18.8,72.8,302.90958,301.7357,0.0001809055,6.467739e-05,100672.56
2021-05-20,19.05,72.8,303.18793,301.9251,0.00024040254,7.1431765e-05,100661.57
2021-05-21,18.8,72.8,302.44083,301.82455,9.918037e-05,1.8862793e-05,100756.0
2021-05-21,19.05,72.8,302.83914,301.94412,0.000117106465,1.642127e-05,100748.375
2021-05-22,18.8,72.8,302.82596,302.1573,7.38159e-05,2.2224149e-05,100725.06
2021-05-22,19.05,72.8,303.27484,302.40692,5.950738e-05,1.5812584e-05,100716.51
2021-05-23,18.8,72.8,303.14404,302.39853,0.00012483624,3.0689524e-05,100787.06
2021-05-23,19.05,72.8,303.575,302.68845,8.469437e-05,2.2132224e-05,100780.19
2021-05-24,18.8,72.8,303.07895,302.45407,0.00023345165,4.3861608e-05,100892.414
2021-05-24,19.05,72.8,303.39227,302.6262,0.00024941593,5.3637505e-05,100884.85
2021-05-25,18.8,72.8,302.76056,302.12088,0.00017489794,5.9570364e-05,100724.78
2021-05-25,19.05,72.8,303.02686,302.30273,0.00022505906,6.64149e-05,100715.18
2021-05-26,18.8,72.8,302.87357,302.34073,0.000117887714,3.159894e-05,100632.695
2021-05-26,19.05,72.8,303.2242,302.55933,4.3654625e-05,1.1705574e-05,100617.71
2021-05-27,18.8,72.8,303.5066,302.80356,0.0003662065,8.731804e-05,100628.695
2021-05-27,19.05,72.8,303.71707,302.95508,0.00040874025,0.00010481532,100610.836
2021-05-28,18.8,72.8,303.0468,302.37704,0.00033417135,0.00019421603,100654.53
2021-05-28,19.05,72.8,303.5739,302.712,0.00035255216,0.00016571063,100637.0
2021-05-29,18.8,72.8,302.97983,302.12527,0.00021191711,8.152417e-05,100731.09
2021-05-29,19.05,72.8,303.4762,302.37704,0.00019616557,5.8273436e-05,100718.13
2021-05-30,18.8,72.8,301.91827,301.49173,0.0009971617,0.00018571637,100744.28
2021-05-30,19.05,72.8,302.7498,301.9152,0.00034460402,0.000119860786,100732.47
2021-05-31,18.8,72.8,301.7463,301.14825,0.0021132417,0.00046229115,100580.586
2021-05-31,19.05,72.8,301.99265,301.4352,0.0026433356,0.00040403855,100569.15
2021-06-01,18.8,72.8,302.6017,301.2761,0.0024816317,0.00054866687,100568.46
2021-06-01,19.05,72.8,303.20117,301.5647,0.0023384767,0.00040432136,100560.75
2021-06-02,18.8,72.8,302.42474,301.39566,0.0020328786,0.00023166364,100653.01
2021-06-02,19.05,72.8,302.83148,301.6511,0.000910413,0.00014414302,100646.56
2021-06-03,18.8,72.8,303.01282,301.81613,0.00044974033,0.00013983347,100716.76
2021-06-03,19.05,72.8,303.4977,302.04257,0.0007046992,0.0001349249,100709.32
2021-06-04,18.8,72.8,302.88245,301.87302,0.0003584798,9.301406e-05,100791.97
2021-06-04,19.05,72.8,303.54108,302.00854,0.00046663615,0.00010664788,100786.1
2021-06-05,18.8,72.8,302.1416,301.11398,0.00067884015,0.00027356917,100719.91
2021-06-05,19.05,72.8,302.3292,301.24606,0.0006810436,0.0002787163,100712.51
2021-06-06,18.8,72.8,302.20807,300.87894,0.0006295326,0.00018546566,100755.53
2021-06-06,19.05,72.8,302.5505,301.03577,0.0006366321,0.00017475137,100746.28
2021-06-07,18.8,72.8,302.0822,300.83603,0.00060140435,0.00028135462,100807.18
2021-06-07,19.05,72.8,302.23367,300.95718,0.0006831733,0.00031157324,100794.15
2021-06-08,18.8,72.8,300.97403,300.32755,0.0016930259,0.0007099226,100710.43
2021-06-08,19.05,72.8,301.35516,300.59818,0.0017110184,0.000658157,100691.22
2021-06-09,18.8,72.8,301.14197,300.25497,0.0027484035,0.0017201329,100605.664
2021-06-09,19.05,72.8,301.42938,300.53156,0.0023504074,0.0013867182,100585.03
2021-06-10,18.8,72.8,301.69894,300.40558,0.0020463832,0.0009426863,100527.65
2021-06-10,19.05,72.8,301.6348,300.60043,0.0019560996,0.0007817251,100505.555
2021-06-11,18.8,72.8,301.66052,300.67813,0.0015083419,0.0008786707,100461.34
2021-06-11,19.05,72.8,301.70966,300.8622,0.001386659,0.0007079495,100440.96
2021-06-12,18.8,72.8,301.49142,300.7898,0.0012556973,0.00063576875,100422.63
2021-06-12,19.05,72.8,302.11887,301.0941,0.0012641647,0.0004780226,100403.54
2021-06-13,18.8,72.8,301.27747,300.42966,0.0009351971,0.00052397675,100448.44
2021-06-13,19.05,72.8,301.79306,300.79068,0.00088185864,0.0004541108,100425.54
2021-06-14,18.8,72.8,301.1332,300.43442,0.00078147254,0.00040248348,100309.445
2021-06-14,19.05,72.8,301.9538,300.7805,0.0006846839,0.00033382754,100289.164
2021-06-15,18.8,72.8,300.52106,300.10703,0.0007517135,0.00052691327,100177.695
2021-06-15,19.05,72.8,301.03018,300.41147,0.00069361203,0.00046896716,100158.9
2021-06-16,18.8,72.8,301.222,300.0837,0.00088192103,0.00054931693,100224.96
2021-06-16,19.05,72.8,301.62302,300.36252,0.00064193737,0.00045643724,100200.21
2021-06-17,18.8,72.8,300.43408,299.94348,0.0009178263,0.0005657663,100351.84
2021-06-17,19.05,72.8,300.75055,300.14627,0.00094185304,0.00050967856,100323.4
2021-06-18,18.8,72.8,300.1084,299.20792,0.0009862888,0.00073806965,100473.5
2021-06-18,19.05,72.8,300.14145,299.34335,0.00096322014,0.0006919584,100445.445
2021-06-19,18.8,72.8,299.6637,299.1664,0.0016486794,0.0007209365,100662.56
2021-06-19,19.05,72.8,299.96124,299.38058,0.0012936299,0.0006315251,100636.02
2021-06-20,18.8,72.8,300.88406,299.75632,0.00076597556,0.00038971347,100748.945
2021-06-20,19.05,72.8,301.1328,300.01498,0.00067843683,0.0003777795,100720.97
2021-06-21,18.8,72.8,300.93314,299.93814,0.00042610848,0.00022055519,100821.49
2021-06-21,19.05,72.8,301.50317,300.2408,0.00034998963,0.00021837318,100798.99
2021-06-22,18.8,72.8,301.08258,300.45242,0.0003371169,0.00021158355,100786.72
2021-06-22,19.05,72.8,301.4779,300.71005,0.00029123502,0.00021333055,100769.695
2021-06-23,18.8,72.8,300.94055,300.3574,0.0003314165,0.00020212865,100735.34
2021-06-23,19.05,72.8,301.1357,300.6304,0.00029641273,0.00022363139,100714.85
2021-06-24,18.8,72.8,300.1013,299.50122,0.00051593943,0.00038955492,100798.625
2021-06-24,19.05,72.8,300.4512,299.75208,0.00057056244,0.00040316998,100775.4
2021-06-25,18.8,72.8,301.28812,300.05484,0.0019022282,0.0008404131,100693.836
2021-06-25,19.05,72.8,301.2385,300.1614,0.0012841402,0.00064536947,100672.586
2021-06-26,18.8,72.8,301.65088,300.8209,0.00046253507,0.00021217555,100658.51
2021-06-26,19.05,72.8,302.1518,301.0703,0.0004325905,0.0001643056,100640.336
2021-06-27,18.8,72.8,301.54208,301.2396,0.0001709217,9.175967e-05,100815.625
2021-06-27,19.05,72.8,302.1013,301.33035,0.00020053389,8.204247e-05,100805.82
2021-06-28,18.8,72.8,301.38843,299.95883,0.002576838,0.0010678811,100741.98
2021-06-28,19.05,72.8,301.25903,300.17325,0.0017872041,0.0009027904,100731.44
2021-06-29,18.8,72.8,301.7255,300.66943,0.00022344913,0.00010219121,100677.16
2021-06-29,19.05,72.8,302.0332,300.90265,0.00021875153,9.0619484e-05,100665.1
2021-06-30,18.8,72.8,301.51752,300.86618,0.0005923377,0.0002552618,100699.81
2021-06-30,19.05,72.8,301.84592,301.06976,0.00063490006,0.0002522543,100684.586
2021-07-01,18.8,72.8,302.42084,301.5712,0.00030004163,0.00015482678,100538.74
2021-07-01,19.05,72.8,302.6803,301.78482,0.0003181009,0.00015233149,100520.664
2021-07-02,18.8,72.8,302.5842,301.91415,0.00021897099,9.476841e-05,100554.47
2021-07-02,19.05,72.8,302.80002,302.04294,0.00026414153,0.00011752357,100535.125
2021-07-03,18.8,72.8,302.08844,301.45825,0.00027256855,0.00013956301,100661.73
2021-07-03,19.05,72.8,302.5758,301.74634,0.00026434893,0.00013147174,100644.22
2021-07-04,18.8,72.8,301.7751,300.75113,0.00028123637,0.00014157819,100738.96
2021-07-04,19.05,72.8,302.3156,301.11102,0.00034401123,0.00014643323,100726.195
2021-07-05,18.8,72.8,301.8009,300.90784,0.00030030333,0.00010202391,100711.88
2021-07-05,19.05,72.8,302.17065,301.2704,0.000288503,9.57247e-05,100699.62
2021-07-06,18.8,72.8,302.0699,301.0867,0.00014198618,5.3086453e-05,100598.75
2021-07-06,19.05,72.8,302.39468,301.3961,0.00020256592,5.7496418e-05,100589.87
2021-07-07,18.8,72.8,302.12744,301.67496,0.00050270604,8.3521336e-05,100587.59
2021-07-07,19.05,72.8,302.74536,302.00327,0.00041616755,7.0946786e-05,100578.48
2021-07-08,18.8,72.8,301.47318,300.5314,0.0016128109,0.0005228681,100594.555
2021-07-08,19.05,72.8,301.89877,300.88177,0.0015228123,0.0004559789,100579.16
2021-07-09,18.8,72.8,300.99048,300.34323,0.00062718685,0.00030269005,100399.94
2021-07-09,19.05,72.8,301.43115,300.56735,0.00045417552,0.00024176516,100385.5
2021-07-10,18.8,72.8,300.5384,299.8521,0.0045833327,0.0022002584,100279.04
2021-07-10,19.05,72.8,300.85986,300.10602,0.00430372,0.002044657,100264.23
2021-07-11,18.8,72.8,300.83362,300.3345,0.004231631,0.001719264,100188.73
2021-07-11,19.05,72.8,301.4624,300.62735,0.0047743837,0.0014352491,100174.38
2021-07-12,18.8,72.8,301.472,300.69803,0.007906631,0.0023257507,100007.48
2021-07-12,19.05,72.8,301.94873,301.055,0.0053229034,0.0014800509,99974.414
2021-07-13,18.8,72.8,301.4682,300.64767,0.0034109757,0.0017446071,100154.57
2021-07-13,19.05,72.8,301.57715,300.7938,0.0026163266,0.001481953,100129.41
2021-07-14,18.8,72.8,300.75473,300.25137,0.004208156,0.0032691716,100233.35
2021-07-14,19.05,72.8,301.27505,300.39865,0.0045540323,0.0031414004,100213.88
2021-07-15,18.8,72.8,301.14542,300.37906,0.0038699168,0.0023372537,100103.97
2021-07-15,19.05,72.8,301.26556,300.55173,0.0024578634,0.0015009064,100081.19
2021-07-16,18.8,72.8,300.4062,299.94058,0.0035184924,0.001717174,100374.01
2021-07-16,19.05,72.8,300.83878,300.19275,0.0028001675,0.0016614,100346.375
2021-07-17,18.8,72.8,300.7765,300.27872,0.011171676,0.00263035,100562.41
2021-07-17,19.05,72.8,301.33563,300.56747,0.0079668015,0.0025302928,100540.0
2021-07-18,18.8,72.8,300.33368,300.04095,0.0049837083,0.0023486076,100495.69
2021-07-18,19.05,72.8,300.8374,300.3197,0.0049735624,0.002311039,100471.52
2021-07-19,18.8,72.8,300.22568,299.75607,0.0031638688,0.0015123291,100465.23
2021-07-19,19.05,72.8,300.49103,299.99094,0.0024265593,0.0011474693,100440.41
2021-07-20,18.8,72.8,300.19574,299.7501,0.001768135,0.0010863543,100638.086
2021-07-20,19.05,72.8,300.33334,299.96027,0.0010123972,0.00081851566,100611.29
2021-07-21,18.8,72.8,300.72412,299.94995,0.0038055703,0.0025826995,100558.84
2021-07-21,19.05,72.8,300.86368,300.06628,0.0032726005,0.0021109958,100525.24
2021-07-22,18.8,72.8,301.10626,300.57837,0.0012178062,0.0008981976,100241.96
2021-07-22,19.05,72.8,301.4425,300.8165,0.0011345516,0.00065167947,100210.88
2021-07-23,18.8,72.8,301.1128,300.46506,0.001961461,0.0010620757,100240.06
2021-07-23,19.05,72.8,301.22394,300.61172,0.0018881222,0.00088455825,100211.03
2021-07-24,18.8,72.8,300.42435,299.9344,0.001404037,0.00075256306,100409.414
2021-07-24,19.05,72.8,300.81592,300.20798,0.001227842,0.00054748147,100382.664
2021-07-25,18.8,72.8,300.30118,299.41278,0.0012673035,0.00069615943,100494.38
2021-07-25,19.05,72.8,300.47305,299.65656,0.00091734226,0.00050844153,100466.52
2021-07-26,18.8,72.8,300.2784,299.5173,0.00089377933,0.00063237577,100548.37
2021-07-26,19.05,72.8,300.8637,299.733,0.00079341093,0.0005337955,100519.23
2021-07-27,18.8,72.8,300.40173,299.7933,0.00074140634,0.00045369414,100492.34
2021-07-27,19.05,72.8,300.75006,299.9651,0.0007007383,0.00043238755,100464.375
2021-07-28,18.8,72.8,301.02228,300.33334,0.0013190478,0.00055190874,100530.84
2021-07-28,19.05,72.8,301.2215,300.51022,0.0009499057,0.0004991666,100501.414
2021-07-29,18.8,72.8,301.18024,300.62265,0.0011217168,0.00037251573,100643.4
2021-07-29,19.05,72.8,301.47485,300.76318,0.0009204629,0.0003312648,100611.555
2021-07-30,18.8,72.8,301.1359,300.87143,0.001060178,0.00045192905,100745.59
2021-07-30,19.05,72.8,301.2325,300.94238,0.001311156,0.00044587828,100714.52
2021-07-31,18.8,72.8,301.32346,300.6721,0.0002811413,0.0001816131,100829.055
2021-07-31,19.05,72.8,301.50864,300.81552,0.00029178208,0.00016069421,100798.99
2021-08-01,18.8,72.8,301.10934,300.5983,0.0002550996,0.00013540965,100710.19
2021-08-01,19.05,72.8,301.25958,300.73105,0.00017713524,0.00011988162,100682.805
2021-08-02,18.8,72.8,300.14447,299.61304,0.0005487788,0.0002549071,100704.305
2021-08-02,19.05,72.8,300.59467,299.90103,0.0003461796,0.00020588284,100676.48
2021-08-03,18.8,72.8,299.6239,299.15848,0.0013922087,0.00078389025,100827.164
2021-08-03,19.05,72.8,300.12,299.43127,0.0011856302,0.000592242,100798.125
2021-08-04,18.8,72.8,300.77283,299.9741,0.0005170428,0.00030110384,100827.21
2021-08-04,19.05,72.8,300.9475,300.16043,0.0003635795,0.00023124152,100797.38
2021-08-05,18.8,72.8,300.88974,300.1666,0.00038850703,0.00023473415,100648.445
2021-08-05,19.05,72.8,301.32983,300.374,0.00031357352,0.00019611821,100620.5
2021-08-06,18.8,72.8,301.16373,300.28232,0.00031899172,0.00018001732,100555.836
2021-08-06,19.05,72.8,301.45026,300.52176,0.00026973407,0.00014630555,100532.01
2021-08-07,18.8,72.8,300.39212,299.73636,0.00030498696,0.00018808788,100619.125
2021-08-07,19.05,72.8,300.72726,299.99423,0.00028265663,0.00018177919,100599.96
2021-08-08,18.8,72.8,300.7904,299.76212,0.00043277512,0.00018283377,100750.85
2021-08-08,19.05,72.8,301.1234,299.983,0.00040013716,0.00016955745,100736.63
2021-08-09,18.8,72.8,300.48602,299.84158,0.00024223467,0.0001274197,100882.22
2021-08-09,19.05,72.8,300.84128,300.0715,0.00028408106,0.00013943393,100870.414
2021-08-10,18.8,72.8,300.1906,299.85748,0.0003355809,0.0001892012,100887.44
2021-08-10,19.05,72.8,300.44528,300.0701,0.00052311574,0.00020285789,100873.76
2021-08-11,18.8,72.8,300.25232,299.65372,0.0003706941,0.00020375295,100871.66
2021-08-11,19.05,72.8,300.6651,299.94095,0.00035686488,0.0002048425,100854.305
2021-08-12,18.8,72.8,300.5014,299.52307,0.00047287415,0.00024625566,100951.31
2021-08-12,19.05,72.8,300.7575,299.7842,0.00040931883,0.00022213215,100933.02
2021-08-13,18.8,72.8,300.67456,299.78964,0.00032766676,0.00017630355,100847.98
2021-08-13,19.05,72.8,300.9099,300.04358,0.0002676095,0.00016199356,100830.22
2021-08-14,18.8,72.8,299.77795,299.27087,0.0005704579,0.00031650133,100674.625
2021-08-14,19.05,72.8,300.2702,299.53024,0.000508494,0.00026766703,100654.06
2021-08-15,18.8,72.8,299.7104,298.8652,0.0006406845,0.00040292027,100672.59
2021-08-15,19.05,72.8,299.9069,299.06995,0.00059486274,0.0003577225,100653.99
2021-08-16,18.8,72.8,300.2904,299.1832,0.0006187572,0.00019887062,100800.164
2021-08-16,19.05,72.8,300.39697,299.37692,0.00056255003,0.00019039579,100785.586
2021-08-17,18.8,72.8,300.07297,299.46164,0.00036639394,0.00015363183,100816.91
2021-08-17,19.05,72.8,300.30832,299.62875,0.00038481015,0.00015991904,100805.695
2021-08-18,18.8,72.8,300.04626,299.3055,0.0007625357,0.0004332779,100668.72
2021-08-18,19.05,72.8,300.23108,299.39352,0.0009990504,0.00047890015,100655.195
2021-08-19,18.8,72.8,299.81232,299.25467,0.0014837175,0.00095020654,100631.63
2021-08-19,19.05,72.8,300.01834,299.31433,0.00206677,0.0011957326,100615.66
2021-08-20,18.8,72.8,299.4942,299.06644,0.001842649,0.0008478039,100663.72
2021-08-20,19.05,72.8,299.73898,299.15204,0.0021275368,0.0010290577,100647.41
2021-08-21,18.8,72.8,299.60043,299.11313,0.0035838168,0.0019347664,100777.805
2021-08-21,19.05,72.8,299.66257,299.19785,0.003749802,0.0018039824,100758.086
2021-08-22,18.8,72.8,300.582,299.7207,0.00049689633,0.0002048975,100827.4
2021-08-22,19.05,72.8,300.76453,299.84348,0.00037553464,0.00017980742,100816.055
2021-08-23,18.8,72.8,301.14008,300.08682,0.00021133861,7.6173455e-05,100809.54
2021-08-23,19.05,72.8,301.3808,300.21216,0.00021112492,7.417615e-05,100802.52
2021-08-24,18.8,72.8,301.05344,300.3283,0.00021153789,6.7364264e-05,100810.055
2021-08-24,19.05,72.8,301.43195,300.4768,0.00018250437,6.0316073e-05,100801.375
2021-08-25,18.8,72.8,300.88153,300.1786,0.00023910387,8.3524756e-05,100731.29
2021-08-25,19.05,72.8,301.19348,300.36606,0.00026739275,8.080977e-05,100720.74
2021-08-26,18.8,72.8,300.5431,300.10178,0.00043096463,0.00015476112,100561.78
2021-08-26,19.05,72.8,300.86224,300.29044,0.0004591609,0.00015736054,100548.9
2021-08-27,18.8,72.8,300.95493,300.07584,0.00022468156,0.00010230547,100498.98
2021-08-27,19.05,72.8,301.33386,300.25412,0.00023010062,9.74151e-05,100487.47
2021-08-28,18.8,72.8,300.8606,299.87308,0.00018597442,8.1978746e-05,100397.695
2021-08-28,19.05,72.8,301.20093,300.0502,0.0001888027,7.910488e-05,100387.87
2021-08-29,18.8,72.8,300.51474,299.76242,0.00020389972,7.59981e-05,100380.54
2021-08-29,19.05,72.8,300.85248,299.9953,0.00020659072,8.417815e-05,100370.84
2021-08-30,18.8,72.8,300.49823,300.04495,0.0007884861,0.00029067587,100526.35
2021-08-30,19.05,72.8,300.68042,300.33182,0.0012827427,0.0003750437,100516.69
2021-08-31,18.8,72.8,300.13626,299.4652,0.007343944,0.0026209427,100544.805
2021-08-31,19.05,72.8,300.23718,299.60367,0.0096321665,0.003221889,100524.086
2021-09-01,18.8,72.8,300.15076,299.44058,0.0019077964,0.0008022602,100605.04
2021-09-01,19.05,72.8,300.12598,299.5911,0.002194939,0.000710734,100580.01
2021-09-02,18.8,72.8,299.95007,299.66138,0.0015624515,0.00045922314,100609.06
2021-09-02,19.05,72.8,300.15656,299.86118,0.0015285406,0.00043977067,100584.01
2021-09-03,18.8,72.8,300.4784,299.5348,0.0015163817,0.0006672976,100561.32
2021-09-03,19.05,72.8,301.00778,299.6898,0.0017093781,0.0006666182,100542.63
2021-09-04,18.8,72.8,300.14478,299.50665,0.0010785747,0.0005280927,100611.695
2021-09-04,19.05,72.8,300.5643,299.69907,0.0008504342,0.00044966544,100595.59
2021-09-05,18.8,72.8,300.23972,299.39954,0.0008506123,0.0003925818,100622.91
2021-09-05,19.05,72.8,300.6229,299.64764,0.00075402483,0.00032525402,100606.91
2021-09-06,18.8,72.8,300.17535,299.5177,0.002681969,0.0009958938,100568.68
2021-09-06,19.05,72.8,300.6546,299.759,0.002450072,0.0008342759,100554.12
2021-09-07,18.8,72.8,300.3838,299.8589,0.003954854,0.0017732388,100390.22
2021-09-07,19.05,72.8,300.52808,299.9759,0.004962232,0.0016175801,100378.664
2021-09-08,18.8,72.8,300.5193,299.90518,0.0026179305,0.0012965347,100314.82
2021-09-08,19.05,72.8,300.8026,300.0839,0.0023558117,0.001047432,100278.53
2021-09-09,18.8,72.8,300.28284,299.69452,0.0008326955,0.0005579007,100648.68
2021-09-09,19.05,72.8,300.58444,299.84982,0.0006877093,0.00047064238,100618.586
2021-09-10,18.8,72.8,299.91663,299.4233,0.0009845109,0.0006180482,100682.72
2021-09-10,19.05,72.8,300.28375,299.65073,0.0011705966,0.0005516048,100654.4
2021-09-11,18.8,72.8,300.35327,299.70773,0.002325653,0.0009939988,100468.9
2021-09-11,19.05,72.8,300.51758,299.8682,0.002595994,0.0010124069,100443.625
2021-09-12,18.8,72.8,300.1377,299.76184,0.0020071776,0.0011654507,100300.305
2021-09-12,19.05,72.8,300.4496,299.96802,0.0029601068,0.0010026863,100276.56
2021-09-13,18.8,72.8,300.99918,300.1305,0.0028996407,0.0015911832,100241.34
2021-09-13,19.05,72.8,301.0073,300.34402,0.0021906712,0.0012831382,100211.74
2021-09-14,18.8,72.8,300.96906,300.69138,0.00076975115,0.000416258,100332.23
2021-09-14,19.05,72.8,301.04752,300.70166,0.001611032,0.00055695226,100304.1
2021-09-15,18.8,72.8,301.15024,300.5265,0.00044734473,0.0002510029,100450.66
2021-09-15,19.05,72.8,301.32812,300.64908,0.00070803915,0.00031949038,100428.195
2021-09-16,18.8,72.8,300.91827,300.16544,0.0003488413,0.00017874186,100591.086
2021-09-16,19.05,72.8,301.15524,300.33255,0.00043180166,0.00017545615,100574.02
2021-09-17,18.8,72.8,300.9716,300.1672,0.00031262636,0.00012350113,100622.055
2021-09-17,19.05,72.8,301.13898,300.24982,0.0003575203,0.00011763562,100608.1
2021-09-18,18.8,72.8,300.4493,299.69073,0.00025721343,0.00015656334,100773.78
2021-09-18,19.05,72.8,300.53723,299.80777,0.00031887507,0.00015798275,100761.87
2021-09-19,18.8,72.8,300.15732,299.56967,0.0015159142,0.0005378279,100973.57
2021-09-19,19.05,72.8,300.55173,299.7332,0.0016321861,0.0006052247,100960.0
2021-09-20,18.8,72.8,300.66306,299.9292,0.00084761274,0.0002660557,100927.44
2021-09-20,19.05,72.8,300.94232,300.14804,0.0009433341,0.00029203636,100915.38
2021-09-21,18.8,72.8,299.9018,299.5494,0.0012737545,0.00060884847,100815.97
2021-09-21,19.05,72.8,300.29938,299.71902,0.0012840054,0.00059766625,100799.09
2021-09-22,18.8,72.8,300.13577,299.45142,0.0012220335,0.00058476994,100650.22
2021-09-22,19.05,72.8,300.2493,299.61703,0.0010523391,0.00050931796,100633.48
2021-09-23,18.8,72.8,300.06494,299.3985,0.00033933064,0.00020042429,100638.06
2021-09-23,19.05,72.8,300.49753,299.72183,0.00035731727,0.00019299368,100621.555
2021-09-24,18.8,72.8,300.7087,299.8299,0.00022620497,8.051379e-05,100745.87
2021-09-24,19.05,72.8,301.01978,300.092,0.00028150412,8.347261e-05,100734.34
2021-09-25,18.8,72.8,300.67212,299.78186,0.0002217297,0.00010278455,100779.28
2021-09-25,19.05,72.8,300.98865,299.98386,0.00025394134,0.000110347675,100770.21
2021-09-26,18.8,72.8,300.72476,299.7786,0.00025411416,0.00010455386,100614.125
2021-09-26,19.05,72.8,300.97363,299.94608,0.00027132733,0.000110258836,100606.72
2021-09-27,18.8,72.8,300.21768,299.8681,0.0019922685,0.0005566423,100453.51
2021-09-27,19.05,72.8,300.4798,300.01266,0.0019499422,0.0005329997,100445.79
2021-09-28,18.8,72.8,300.28168,299.67847,0.0019441505,0.0010369702,100385.56
2021-09-28,19.05,72.8,300.2767,299.777,0.002460572,0.0009821377,100370.02
2021-09-29,18.8,72.8,300.71155,300.02316,0.0023313488,0.0008870551,100478.336
2021-09-29,19.05,72.8,300.64474,299.94278,0.0040391413,0.0013893292,100453.78
2021-09-30,18.8,72.8,300.9812,300.00992,0.00041686068,0.00021838087,100790.76
2021-09-30,19.05,72.8,301.3688,300.11462,0.00048173266,0.00022273471,100780.97
2021-10-01,18.8,72.8,301.57547,300.60754,0.0001355226,2.5604333e-05,100904.305
2021-10-01,19.05,72.8,302.01804,300.68777,0.00022208666,3.839578e-05,100900.88
2021-10-02,18.8,72.8,301.7717,300.94894,0.0006580865,6.7272835e-05,100870.34
2021-10-02,19.05,72.8,302.0369,300.9797,0.0007201666,0.000106184765,100872.37
2021-10-03,18.8,72.8,302.30402,301.13657,0.00065536244,3.672585e-05,100806.38
2021-10-03,19.05,72.8,303.03058,301.20593,0.00070112565,4.344623e-05,100805.59
2021-10-04,18.8,72.8,302.43042,301.37936,0.00033997942,3.4377386e-05,100743.086
2021-10-04,19.05,72.8,302.9713,301.54617,0.00022511785,2.7090742e-05,100740.125
2021-10-05,18.8,72.8,302.5143,301.56232,0.00027428917,2.9094364e-05,100740.4
2021-10-05,19.05,72.8,303.3097,301.78888,5.548927e-06,9.0488953e-07,100742.84
2021-10-06,18.8,72.8,303.4386,301.97653,0.00046220317,2.3318318e-05,100661.27
2021-10-06,19.05,72.8,304.4251,302.0749,0.00042148968,2.4732455e-05,100663.46
2021-10-07,18.8,72.8,303.50668,301.7656,0.0007978244,7.783817e-05,100590.93
2021-10-07,19.05,72.8,304.2887,302.01175,0.0001751138,2.5667017e-05,100587.48
2021-10-08,18.8,72.8,301.91098,300.82706,0.0016390365,0.00016758998,100703.6
2021-10-08,19.05,72.8,302.1259,300.97964,0.0019641202,0.00020423114,100701.25
2021-10-09,18.8,72.8,301.77173,300.82217,0.0011592454,0.00028310376,100857.84
2021-10-09,19.05,72.8,301.92346,300.85373,0.0010358077,0.0003024772,100852.38
2021-10-10,18.8,72.8,301.73514,300.79028,0.0016229504,0.00023335656,100869.52
2021-10-10,19.05,72.8,301.93518,300.91708,0.0006836408,0.00015505088,100866.26
2021-10-11,18.8,72.8,301.54434,300.56003,0.00035572547,0.00010864358,100723.74
2021-10-11,19.05,72.8,302.10513,300.77353,0.0006912318,9.742696e-05,100719.21
2021-10-12,18.8,72.8,302.0843,300.79065,0.0006014665,0.00012585199,100656.94
2021-10-12,19.05,72.8,302.59235,300.9361,0.0005342746,0.00012577411,100655.06
2021-10-13,18.8,72.8,302.84534,301.49594,3.5085137e-05,2.9674593e-06,100616.62
2021-10-13,19.05,72.8,303.4973,301.70505,3.5267323e-05,2.124806e-06,100614.44
2021-10-14,18.8,72.8,303.1427,302.19403,3.241531e-06,3.2574874e-07,100573.69
2021-10-14,19.05,72.8,303.96338,302.5341,4.00328e-06,3.7729316e-07,100569.69
2021-10-15,18.8,72.8,304.0782,302.33173,0.0,0.0,100359.48
2021-10-15,19.05,72.8,304.86877,302.53842,0.0,0.0,100361.69
2021-10-16,18.8,72.8,303.44888,301.99808,0.0,0.0,100297.586
2021-10-16,19.05,72.8,304.15076,302.07983,0.0,0.0,100299.48
2021-10-17,18.8,72.8,302.87195,301.8403,0.0,0.0,100406.57
2021-10-17,19.05,72.8,303.33142,301.8411,0.0,0.0,100396.22
2021-10-18,18.8,72.8,302.2433,301.62723,5.6450648e-05,1.1379555e-05,100731.76
2021-10-18,19.05,72.8,302.69232,301.78027,3.7802194e-05,4.5785023e-06,100714.46
2021-10-19,18.8,72.8,301.6035,300.92026,1.1728084e-05,1.4820021e-06,101103.23
2021-10-19,19.05,72.8,301.94717,301.02,3.1180618e-05,6.3204084e-06,101094.74
2021-10-20,18.8,72.8,301.5725,300.3644,6.483053e-06,1.1599974e-06,101305.03
2021-10-20,19.05,72.8,302.2204,300.52164,9.150566e-06,1.0368398e-06,101305.71
2021-10-21,18.8,72.8,302.70276,300.81467,0.0,0.0,101273.695
2021-10-21,19.05,72.8,303.29816,300.9012,0.0,0.0,101278.805
2021-10-22,18.8,72.8,303.1045,301.09702,0.0,0.0,101244.18
2021-10-22,19.05,72.8,303.7513,301.1594,0.0,0.0,101247.6
2021-10-23,18.8,72.8,302.2006,300.502,0.0,0.0,101277.02
2021-10-23,19.05,72.8,302.6721,300.4661,0.0,0.0,101280.164
2021-10-24,18.8,72.8,301.20117,300.0031,1.3348963e-06,1.19194056e-07,101333.53
2021-10-24,19.05,72.8,301.75653,300.11865,3.050829e-06,2.3834615e-07,101333.1
2021-10-25,18.8,72.8,301.56207,299.97867,1.7166249e-06,1.7081526e-07,101264.24
2021-10-25,19.05,72.8,302.21417,300.16,6.1017035e-06,4.766949e-07,101267.77
2021-10-26,18.8,72.8,302.49762,300.60123,0.0,0.0,101093.72
2021-10-26,19.05,72.8,303.18512,300.74133,0.0,0.0,101098.49
2021-10-27,18.8,72.8,303.4427,301.11057,0.0,0.0,101129.37
2021-10-27,19.05,72.8,303.88245,301.12036,0.0,0.0,101137.5
2021-10-28,18.8,72.8,303.11868,300.8411,0.0,0.0,101165.38
2021-10-28,19.05,72.8,303.78387,300.8707,0.0,0.0,101175.46
2021-10-29,18.8,72.8,302.8003,300.65988,0.0,0.0,101275.97
2021-10-29,19.05,72.8,303.36627,300.63812,0.0,0.0,101292.48
2021-10-30,18.8,72.8,302.63446,300.40155,0.0,0.0,101305.28
2021-10-30,19.05,72.8,302.93054,300.2067,0.0,0.0,101322.07
2021-10-31,18.8,72.8,302.24832,300.3564,0.0,0.0,101211.375
2021-10-31,19.05,72.8,302.67596,300.36804,0.0,0.0,101218.01
2021-11-01,18.8,72.8,302.08777,300.40564,0.0,0.0,101086.555
2021-11-01,19.05,72.8,302.89288,300.5847,0.0,0.0,101086.94
2021-11-02,18.8,72.8,303.06256,300.72296,1.9067738e-07,7.944891e-09,101019.48
2021-11-02,19.05,72.8,303.71832,300.91965,0.0,0.0,101025.04
2021-11-03,18.8,72.8,302.8917,301.02463,0.0,0.0,101039.23
2021-11-03,19.05,72.8,303.58292,301.05997,0.0,0.0,101046.85
2021-11-04,18.8,72.8,302.66913,301.06973,6.893108e-05,4.0917485e-06,100994.21
2021-11-04,19.05,72.8,303.2735,301.21548,7.6304184e-07,3.1800354e-08,100998.51
2021-11-05,18.8,72.8,302.46057,300.92444,0.00031328207,3.326355e-05,100963.19
2021-11-05,19.05,72.8,303.11383,301.1511,4.2921558e-05,4.149306e-06,100960.65
2021-11-06,18.8,72.8,301.706,300.27658,0.00037535746,0.000114510614,100948.6
2021-11-06,19.05,72.8,302.38965,300.5947,0.0017642968,0.00033527074,100948.6
2021-11-07,18.8,72.8,302.05835,300.4327,3.1454538e-06,1.6283285e-07,100876.0
2021-11-07,19.05,72.8,302.58322,300.6022,1.2584641e-05,6.514792e-07,100879.29
2021-11-08,18.8,72.8,302.22595,300.53912,0.0,0.0,101035.664
2021-11-08,19.05,72.8,302.6014,300.63095,0.0,0.0,101035.65
2021-11-09,18.8,72.8,302.73227,300.2172,0.0,0.0,101123.27
2021-11-09,19.05,72.8,303.09433,300.1473,0.0,0.0,101133.305
2021-11-10,18.8,72.8,302.21387,299.79788,0.0,0.0,101076.055
2021-11-10,19.05,72.8,302.62714,299.6459,0.0,0.0,101085.68
2021-11-11,18.8,72.8,302.24847,299.6962,0.0,0.0,100912.34
2021-11-11,19.05,72.8,302.58414,299.51694,0.0,0.0,100924.0
2021-11-12,18.8,72.8,301.96713,299.81006,0.0,0.0,100854.125
2021-11-12,19.05,72.8,302.19614,299.5964,0.0,0.0,100868.74
2021-11-13,18.8,72.8,301.87527,300.29617,0.0,0.0,100837.37
2021-11-13,19.05,72.8,302.16278,300.14322,0.0,0.0,100847.85
2021-11-14,18.8,72.8,302.15863,300.65598,1.1249911e-05,7.5873476e-07,100817.47
2021-11-14,19.05,72.8,302.5375,300.6131,0.0,0.0,100820.9
2021-11-15,18.8,72.8,302.1621,300.71573,0.0,0.0,100690.18
2021-11-15,19.05,72.8,302.49326,300.65762,0.0,0.0,100693.01
2021-11-16,18.8,72.8,302.36926,301.03207,2.7088128e-05,1.3471919e-06,100614.555
2021-11-16,19.05,72.8,302.81412,301.06152,1.573065e-05,6.554854e-07,100618.81
2021-11-17,18.8,72.8,302.3012,300.77515,0.0016755939,0.0003686686,100769.414
2021-11-17,19.05,72.8,302.7085,300.8909,0.0016100232,0.00030113955,100771.1
2021-11-18,18.8,72.8,301.19098,299.92603,0.0011625946,0.0002014815,100826.625
2021-11-18,19.05,72.8,301.5907,300.05777,0.00093049183,0.00019343972,100825.19
2021-11-19,18.8,72.8,301.5937,300.33478,0.00032415183,6.0637612e-05,100605.01
2021-11-19,19.05,72.8,302.363,300.44824,0.00032864156,4.275946e-05,100604.48
2021-11-20,18.8,72.8,302.65808,301.2471,6.636555e-05,6.2972827e-06,100495.03
2021-11-20,19.05,72.8,303.09018,301.29648,0.00012352734,1.0593652e-05,100497.21
2021-11-21,18.8,72.8,302.42697,301.10913,0.0022016019,0.00038920008,100746.27
2021-11-21,19.05,72.8,302.79596,301.1305,0.0020879204,0.00040377746,100753.72
2021-11-22,18.8,72.8,301.46417,300.6549,0.00027005654,5.6125093e-05,101122.82
2021-11-22,19.05,72.8,301.7865,300.54892,0.00039896648,7.678243e-05,101125.98
2021-11-23,18.8,72.8,301.90088,300.84103,2.8418726e-05,5.646105e-06,101076.25
2021-11-23,19.05,72.8,302.4547,300.97372,3.4042867e-05,3.6676586e-06,101074.5
2021-11-24,18.8,72.8,302.4717,301.2986,6.1141516e-05,1.0545734e-05,101037.52
2021-11-24,19.05,72.8,303.10944,301.50702,6.0826074e-05,8.375392e-06,101037.66
2021-11-25,18.8,72.8,303.0727,301.61295,0.0,0.0,101099.055
2021-11-25,19.05,72.8,303.62665,301.7796,0.0,0.0,101103.69
2021-11-26,18.8,72.8,303.00623,301.3128,0.0,0.0,101147.12
2021-11-26,19.05,72.8,303.42346,301.3602,0.0,0.0,101150.37
2021-11-27,18.8,72.8,302.91174,300.92838,0.0,0.0,101147.51
2021-11-27,19.05,72.8,303.27045,300.934,0.0,0.0,101151.32
2021-11-28,18.8,72.8,303.6015,300.86417,0.0,0.0,101218.01
2021-11-28,19.05,72.8,303.84656,300.70682,0.0,0.0,101226.305
2021-11-29,18.8,72.8,303.00735,300.49252,0.0,0.0,101222.15
2021-11-29,19.05,72.8,303.1958,300.1277,0.0,0.0,101235.375
2021-11-30,18.8,72.8,302.34674,300.574,0.00021543665,2.8721659e-05,101145.73
2021-11-30,19.05,72.8,302.71024,300.4773,0.00022954549,2.7517735e-05,101156.34
2021-12-01,18.8,72.8,300.08292,298.91263,0.004414629,0.0010472491,101095.19
2021-12-01,19.05,72.8,299.95734,298.56012,0.0042662807,0.0010495939,101123.15
2021-12-02,18.8,72.8,299.10822,297.301,0.010005977,0.0031163085,100991.29
2021-12-02,19.05,72.8,298.57794,296.67386,0.008722812,0.002634642,101012.305
2021-12-03,18.8,72.8,299.42477,298.4174,0.00041082362,0.00018652582,101143.76
2021-12-03,19.05,72.8,299.60287,298.16776,0.0004943409,0.00021902444,101146.22
2021-12-04,18.8,72.8,299.75336,298.60715,6.982176e-05,2.2893051e-05,101207.75
2021-12-04,19.05,72.8,299.9081,298.45813,9.2716364e-05,2.6104344e-05,101207.57
2021-12-05,18.8,72.8,299.41388,298.39978,0.00027637836,6.72119e-05,101270.69
2021-12-05,19.05,72.8,299.61084,298.37155,0.00025947942,6.988705e-05,101269.65
2021-12-06,18.8,72.8,300.3614,298.62747,1.7542454e-05,3.5600249e-06,101256.03
2021-12-06,19.05,72.8,300.86902,298.68896,2.76547e-05,4.2603515e-06,101257.69
2021-12-07,18.8,72.8,301.3063,299.44702,0.0,0.0,101255.336
2021-12-07,19.05,72.8,301.87762,299.36862,0.0,0.0,101261.85
2021-12-08,18.8,72.8,302.18115,299.97488,0.0,0.0,101243.164
2021-12-08,19.05,72.8,302.242,299.78186,0.0,0.0,101254.445
2021-12-09,18.8,72.8,302.34488,300.14252,0.0,0.0,101383.4
2021-12-09,19.05,72.8,302.31644,299.8832,0.0,0.0,101394.73
2021-12-10,18.8,72.8,302.037,299.88055,0.0,0.0,101432.74
2021-12-10,19.05,72.8,302.34348,299.64093,0.0,0.0,101443.4
2021-12-11,18.8,72.8,302.30505,300.20233,0.0,0.0,101396.77
2021-12-11,19.05,72.8,302.42407,299.87253,0.0,0.0,101407.13
2021-12-12,18.8,72.8,302.10532,299.76804,0.0,0.0,101402.695
2021-12-12,19.05,72.8,302.43286,299.5825,0.0,0.0,101411.07
2021-12-13,18.8,72.8,301.96158,299.65518,0.0,0.0,101364.945
2021-12-13,19.05,72.8,302.12503,299.48892,0.0,0.0,101373.27
2021-12-14,18.8,72.8,300.76135,298.99802,0.0,0.0,101356.37
2021-12-14,19.05,72.8,301.00015,298.7326,0.0,0.0,101363.445
2021-12-15,18.8,72.8,299.8933,298.1749,0.0,0.0,101356.71
2021-12-15,19.05,72.8,300.31348,297.98807,0.0,0.0,101360.72
2021-12-16,18.8,72.8,300.06445,298.29446,1.2203526e-05,8.9778047e-07,101438.555
2021-12-16,19.05,72.8,300.44476,298.0924,5.7456356e-07,2.4092904e-08,101444.945
2021-12-17,18.8,72.8,299.85858,298.02457,0.0,0.0,101480.52
2021-12-17,19.05,72.8,300.22894,297.73068,0.0,0.0,101487.875
2021-12-18,18.8,72.8,300.9778,298.47855,0.0,0.0,101447.49
2021-12-18,19.05,72.8,301.412,298.2583,0.0,0.0,101456.03
2021-12-19,18.8,72.8,300.9455,298.43613,0.0,0.0,101499.875
2021-12-19,19.05,72.8,301.26584,298.24728,0.0,0.0,101507.62
2021-12-20,18.8,72.8,300.69806,298.20157,0.0,0.0,101503.66
2021-12-20,19.05,72.8,301.15448,298.00394,0.0,0.0,101510.94
2021-12-21,18.8,72.8,299.9207,297.818,0.0,0.0,101484.69
2021-12-21,19.05,72.8,300.28522,297.6563,0.0,0.0,101487.79
2021-12-22,18.8,72.8,299.2801,297.52383,0.0,0.0,101357.99
2021-12-22,19.05,72.8,299.73044,297.36337,1.9063373e-07,7.943072e-09,101360.44
2021-12-23,18.8,72.8,298.92297,297.38327,0.0,0.0,101294.88
2021-12-23,19.05,72.8,299.46365,297.19528,0.0,0.0,101297.62
2021-12-24,18.8,72.8,298.03256,296.65176,9.536756e-07,1.2715441e-07,101341.31
2021-12-24,19.05,72.8,298.37463,296.56284,7.6304184e-07,9.936563e-08,101342.41
2021-12-25,18.8,72.8,297.71902,296.18713,2.0979596e-06,2.7018987e-07,101418.055
2021-12-25,19.05,72.8,298.20245,296.19675,2.9564353e-06,3.8547455e-07,101418.5
2021-12-26,18.8,72.8,299.22034,297.06952,0.0,0.0,101474.27
2021-12-26,19.05,72.8,299.82462,297.1002,0.0,0.0,101477.5
2021-12-27,18.8,72.8,300.0442,297.69037,0.0,0.0,101442.99
2021-12-27,19.05,72.8,300.52002,297.49246,0.0,0.0,101447.93
2021-12-28,18.8,72.8,299.23926,297.58322,0.0,0.0,101385.22
2021-12-28,19.05,72.8,299.65533,297.37802,0.0,0.0,101386.03
2021-12-29,18.8,72.8,298.64233,296.83817,0.0,0.0,101398.13
2021-12-29,19.05,72.8,298.93832,296.70615,0.0,0.0,101407.81
2021-12-30,18.8,72.8,300.13336,297.40598,0.0,0.0,101458.164
2021-12-30,19.05,72.8,300.1465,297.1766,0.0,0.0,101470.37
2021-12-31,18.8,72.8,300.6819,298.4434,0.0,0.0,101548.28
2021-12-31,19.05,72.8,300.98187,298.23853,0.0,0.0,101561.22
