sr,latitude,longitude,valid_time,t2m,temp,tp
0,18.4,73.5,01-01-24,296.1525,23.0025,0
1,18.4,73.5,02-01-24,296.3392,23.1892,0
2,18.4,73.5,03-01-24,296.38007,23.23007,0
3,18.4,73.5,04-01-24,295.8215,22.6715,0
4,18.4,73.5,05-01-24,295.00024,21.85024,0
5,18.4,73.5,06-01-24,295.55334,22.40334,1.76E-06
6,18.4,73.5,07-01-24,296.24966,23.09966,4.31E-06
7,18.4,73.5,08-01-24,297.5028,24.3528,7.56E-06
8,18.4,73.5,09-01-24,296.80246,23.65246,2.86E-05
9,18.4,73.5,10-01-24,296.31073,23.16073,6.27E-05
10,18.4,73.5,11-01-24,297.86728,24.71728,2.15E-06
11,18.4,73.5,12-01-24,298.00473,24.85473,0
12,18.4,73.5,13-01-24,297.89148,24.74148,0
13,18.4,73.5,14-01-24,297.44077,24.29077,0
14,18.4,73.5,15-01-24,295.70526,22.55526,0
15,18.4,73.5,16-01-24,294.2631,21.1131,0
16,18.4,73.5,17-01-24,294.02234,20.87234,0
17,18.4,73.5,18-01-24,293.27332,20.12332,1.99E-08
18,18.4,73.5,19-01-24,293.9255,20.7755,0
19,18.4,73.5,20-01-24,294.5394,21.3894,0
20,18.4,73.5,21-01-24,295.2176,22.0676,0
21,18.4,73.5,22-01-24,294.7178,21.5678,0
22,18.4,73.5,23-01-24,293.69547,20.54547,0
23,18.4,73.5,24-01-24,293.56778,20.41778,0
24,18.4,73.5,25-01-24,294.19498,21.04498,0
25,18.4,73.5,26-01-24,295.20837,22.05837,0
26,18.4,73.5,27-01-24,296.3429,23.1929,0
27,18.4,73.5,28-01-24,296.8472,23.6972,0
28,18.4,73.5,29-01-24,296.91806,23.76806,0
29,18.4,73.5,30-01-24,296.42285,23.27285,0
30,18.4,73.5,31-01-24,295.8912,22.7412,0
31,18.4,73.5,01-02-24,291.22772,18.07772,0
32,18.4,73.5,02-02-24,,-273.15,
33,18.4,73.5,03-02-24,,-273.15,
34,18.4,73.5,04-02-24,,-273.15,
35,18.4,73.5,05-02-24,,-273.15,
36,18.4,73.5,06-02-24,,-273.15,
37,18.4,73.5,07-02-24,,-273.15,
38,18.4,73.5,08-02-24,,-273.15,
39,18.4,73.5,09-02-24,,-273.15,
40,18.4,73.5,10-02-24,,-273.15,
41,18.4,73.5,11-02-24,,-273.15,
42,18.4,73.5,12-02-24,,-273.15,
43,18.4,73.5,13-02-24,,-273.15,
44,18.4,73.5,14-02-24,,-273.15,
45,18.4,73.5,15-02-24,,-273.15,
46,18.4,73.5,16-02-24,,-273.15,
47,18.4,73.5,17-02-24,,-273.15,
48,18.4,73.5,18-02-24,,-273.15,
49,18.4,73.5,19-02-24,,-273.15,
50,18.4,73.5,20-02-24,,-273.15,
51,18.4,73.5,21-02-24,,-273.15,
52,18.4,73.5,22-02-24,,-273.15,
53,18.4,73.5,23-02-24,,-273.15,
54,18.4,73.5,24-02-24,,-273.15,
55,18.4,73.5,25-02-24,,-273.15,
56,18.4,73.5,26-02-24,,-273.15,
57,18.4,73.5,27-02-24,,-273.15,
58,18.4,73.5,28-02-24,,-273.15,
59,18.4,73.5,29-02-24,,-273.15,
60,18.4,73.5,01-03-24,301.19482,28.04482,1.08E-05
61,18.4,73.5,02-03-24,298.37192,25.22192,0
62,18.4,73.5,03-03-24,297.11478,23.96478,5.43E-06
63,18.4,73.5,04-03-24,295.77667,22.62667,0
64,18.4,73.5,05-03-24,296.75674,23.60674,0
65,18.4,73.5,06-03-24,297.3003,24.1503,0
66,18.4,73.5,07-03-24,297.54422,24.39422,0
67,18.4,73.5,08-03-24,299.05396,25.90396,0
68,18.4,73.5,09-03-24,299.26913,26.11913,0
69,18.4,73.5,10-03-24,299.24316,26.09316,0
70,18.4,73.5,11-03-24,299.78476,26.63476,0
71,18.4,73.5,12-03-24,300.26657,27.11657,0
72,18.4,73.5,13-03-24,299.34058,26.19058,0
73,18.4,73.5,14-03-24,298.58994,25.43994,0
74,18.4,73.5,15-03-24,297.89737,24.74737,0
75,18.4,73.5,16-03-24,298.79028,25.64028,0
76,18.4,73.5,17-03-24,299.18787,26.03787,0
77,18.4,73.5,18-03-24,299.017,25.867,0
78,18.4,73.5,19-03-24,299.40457,26.25457,0
79,18.4,73.5,20-03-24,299.71713,26.56713,0
80,18.4,73.5,21-03-24,300.1003,26.9503,0
81,18.4,73.5,22-03-24,300.9561,27.8061,0
82,18.4,73.5,23-03-24,300.48068,27.33068,0
83,18.4,73.5,24-03-24,300.714,27.564,0
84,18.4,73.5,25-03-24,301.33664,28.18664,0
85,18.4,73.5,26-03-24,301.46536,28.31536,0
86,18.4,73.5,27-03-24,301.35986,28.20986,1.53E-06
87,18.4,73.5,28-03-24,301.50098,28.35098,0
88,18.4,73.5,29-03-24,301.8083,28.6583,1.01E-05
89,18.4,73.5,30-03-24,302.02148,28.87148,3.51E-06
90,18.4,73.5,31-03-24,302.91913,29.76913,0
91,18.4,73.5,01-04-24,298.4263,25.2763,0
92,18.4,73.5,02-04-24,,-273.15,
93,18.4,73.5,03-04-24,,-273.15,
94,18.4,73.5,04-04-24,,-273.15,
95,18.4,73.5,05-04-24,,-273.15,
96,18.4,73.5,06-04-24,,-273.15,
97,18.4,73.5,07-04-24,,-273.15,
98,18.4,73.5,08-04-24,,-273.15,
99,18.4,73.5,09-04-24,,-273.15,
100,18.4,73.5,10-04-24,,-273.15,
101,18.4,73.5,11-04-24,,-273.15,
102,18.4,73.5,12-04-24,,-273.15,
103,18.4,73.5,13-04-24,,-273.15,
104,18.4,73.5,14-04-24,,-273.15,
105,18.4,73.5,15-04-24,,-273.15,
106,18.4,73.5,16-04-24,,-273.15,
107,18.4,73.5,17-04-24,,-273.15,
108,18.4,73.5,18-04-24,,-273.15,
109,18.4,73.5,19-04-24,,-273.15,
110,18.4,73.5,20-04-24,,-273.15,
111,18.4,73.5,21-04-24,,-273.15,
112,18.4,73.5,22-04-24,,-273.15,
113,18.4,73.5,23-04-24,,-273.15,
114,18.4,73.5,24-04-24,,-273.15,
115,18.4,73.5,25-04-24,,-273.15,
116,18.4,73.5,26-04-24,,-273.15,
117,18.4,73.5,27-04-24,,-273.15,
118,18.4,73.5,28-04-24,,-273.15,
119,18.4,73.5,29-04-24,,-273.15,
120,18.4,73.5,30-04-24,,-273.15,
121,18.4,73.5,01-05-24,303.81995,30.66995,0
122,18.4,73.5,02-05-24,301.87817,28.72817,0
123,18.4,73.5,03-05-24,301.582,28.432,0
124,18.4,73.5,04-05-24,301.958,28.808,9.54E-08
125,18.4,73.5,05-05-24,302.47345,29.32345,7.87E-07
126,18.4,73.5,06-05-24,301.89157,28.74157,0
127,18.4,73.5,07-05-24,301.50168,28.35168,7.15E-08
128,18.4,73.5,08-05-24,301.4897,28.3397,4.25E-07
129,18.4,73.5,09-05-24,301.47266,28.32266,5.94E-06
130,18.4,73.5,10-05-24,300.615,27.465,2.57E-06
131,18.4,73.5,11-05-24,301.3451,28.1951,0.000172107
132,18.4,73.5,12-05-24,301.0546,27.9046,3.86E-05
133,18.4,73.5,13-05-24,301.2122,28.0622,0.000257655
134,18.4,73.5,14-05-24,301.8436,28.6936,8.42E-05
135,18.4,73.5,15-05-24,302.3279,29.1779,6.96E-05
136,18.4,73.5,16-05-24,301.85205,28.70205,0.000139161
137,18.4,73.5,17-05-24,301.91568,28.76568,4.18E-05
138,18.4,73.5,18-05-24,302.37546,29.22546,7.79E-05
139,18.4,73.5,19-05-24,302.63388,29.48388,0.000251889
140,18.4,73.5,20-05-24,302.56992,29.41992,0.000106275
141,18.4,73.5,21-05-24,303.3343,30.1843,2.73E-05
142,18.4,73.5,22-05-24,302.80447,29.65447,0.000182676
143,18.4,73.5,23-05-24,303.04343,29.89343,2.08E-05
144,18.4,73.5,24-05-24,302.2007,29.0507,4.52E-06
145,18.4,73.5,25-05-24,301.3654,28.2154,8.60E-06
146,18.4,73.5,26-05-24,301.35202,28.20202,3.99E-05
147,18.4,73.5,27-05-24,300.03555,26.88555,6.64E-05
148,18.4,73.5,28-05-24,301.55664,28.40664,5.21E-05
149,18.4,73.5,29-05-24,301.39627,28.24627,3.04E-05
150,18.4,73.5,30-05-24,301.64362,28.49362,1.16E-05
151,18.4,73.5,31-05-24,302.58322,29.43322,2.08E-05
152,18.4,73.5,01-06-24,298.92053,25.77053,2.64E-05
153,18.4,73.5,02-06-24,,-273.15,
154,18.4,73.5,03-06-24,,-273.15,
155,18.4,73.5,04-06-24,,-273.15,
156,18.4,73.5,05-06-24,,-273.15,
157,18.4,73.5,06-06-24,,-273.15,
158,18.4,73.5,07-06-24,,-273.15,
159,18.4,73.5,08-06-24,,-273.15,
160,18.4,73.5,09-06-24,,-273.15,
161,18.4,73.5,10-06-24,,-273.15,
162,18.4,73.5,11-06-24,,-273.15,
163,18.4,73.5,12-06-24,,-273.15,
164,18.4,73.5,13-06-24,,-273.15,
165,18.4,73.5,14-06-24,,-273.15,
166,18.4,73.5,15-06-24,,-273.15,
167,18.4,73.5,16-06-24,,-273.15,
168,18.4,73.5,17-06-24,,-273.15,
169,18.4,73.5,18-06-24,,-273.15,
170,18.4,73.5,19-06-24,,-273.15,
171,18.4,73.5,20-06-24,,-273.15,
172,18.4,73.5,21-06-24,,-273.15,
173,18.4,73.5,22-06-24,,-273.15,
174,18.4,73.5,23-06-24,,-273.15,
175,18.4,73.5,24-06-24,,-273.15,
176,18.4,73.5,25-06-24,,-273.15,
177,18.4,73.5,26-06-24,,-273.15,
178,18.4,73.5,27-06-24,,-273.15,
179,18.4,73.5,28-06-24,,-273.15,
180,18.4,73.5,29-06-24,,-273.15,
181,18.4,73.5,30-06-24,,-273.15,
182,18.4,73.5,01-07-24,299.08936,25.93936,0.001230341
183,18.4,73.5,02-07-24,298.46265,25.31265,0.001770171
184,18.4,73.5,03-07-24,299.3518,26.2018,0.000469252
185,18.4,73.5,04-07-24,299.1304,25.9804,0.000652735
186,18.4,73.5,05-07-24,298.55618,25.40618,0.000697156
187,18.4,73.5,06-07-24,298.4656,25.3156,0.00089002
188,18.4,73.5,07-07-24,298.47327,25.32327,0.000745515
189,18.4,73.5,08-07-24,297.53415,24.38415,0.000850442
190,18.4,73.5,09-07-24,297.16232,24.01232,0.002559696
191,18.4,73.5,10-07-24,297.90482,24.75482,0.000383885
192,18.4,73.5,11-07-24,297.6954,24.5454,0.00085768
193,18.4,73.5,12-07-24,297.17557,24.02557,0.001144656
194,18.4,73.5,13-07-24,296.89645,23.74645,0.00206324
195,18.4,73.5,14-07-24,297.16653,24.01653,0.0019798
196,18.4,73.5,15-07-24,297.88934,24.73934,0.000973176
197,18.4,73.5,16-07-24,297.6353,24.4853,0.001279737
198,18.4,73.5,17-07-24,297.6926,24.5426,0.001665637
199,18.4,73.5,18-07-24,297.42468,24.27468,0.003244936
200,18.4,73.5,19-07-24,297.36435,24.21435,0.002031725
201,18.4,73.5,20-07-24,297.1444,23.9944,0.002973642
202,18.4,73.5,21-07-24,297.23196,24.08196,0.002257621
203,18.4,73.5,22-07-24,296.9807,23.8307,0.002529288
204,18.4,73.5,23-07-24,297.0098,23.8598,0.002977935
205,18.4,73.5,24-07-24,296.8942,23.7442,0.003846548
206,18.4,73.5,25-07-24,296.47897,23.32897,0.00428068
207,18.4,73.5,26-07-24,297.38443,24.23443,0.00114032
208,18.4,73.5,27-07-24,297.47287,24.32287,0.001149002
209,18.4,73.5,28-07-24,297.39148,24.24148,0.00126496
210,18.4,73.5,29-07-24,297.4114,24.2614,0.001279716
211,18.4,73.5,30-07-24,297.7145,24.5645,0.001136925
212,18.4,73.5,31-07-24,297.7054,24.5554,0.000737862
213,18.4,73.5,01-08-24,296.81717,23.66717,0.000611477
214,18.4,73.5,02-08-24,,-273.15,
215,18.4,73.5,03-08-24,,-273.15,
216,18.4,73.5,04-08-24,,-273.15,
217,18.4,73.5,05-08-24,,-273.15,
218,18.4,73.5,06-08-24,,-273.15,
219,18.4,73.5,07-08-24,,-273.15,
220,18.4,73.5,08-08-24,,-273.15,
221,18.4,73.5,09-08-24,,-273.15,
222,18.4,73.5,10-08-24,,-273.15,
223,18.4,73.5,11-08-24,,-273.15,
224,18.4,73.5,12-08-24,,-273.15,
225,18.4,73.5,13-08-24,,-273.15,
226,18.4,73.5,14-08-24,,-273.15,
227,18.4,73.5,15-08-24,,-273.15,
228,18.4,73.5,16-08-24,,-273.15,
229,18.4,73.5,17-08-24,,-273.15,
230,18.4,73.5,18-08-24,,-273.15,
231,18.4,73.5,19-08-24,,-273.15,
232,18.4,73.5,20-08-24,,-273.15,
233,18.4,73.5,21-08-24,,-273.15,
234,18.4,73.5,22-08-24,,-273.15,
235,18.4,73.5,23-08-24,,-273.15,
236,18.4,73.5,24-08-24,,-273.15,
237,18.4,73.5,25-08-24,,-273.15,
238,18.4,73.5,26-08-24,,-273.15,
239,18.4,73.5,27-08-24,,-273.15,
240,18.4,73.5,28-08-24,,-273.15,
241,18.4,73.5,29-08-24,,-273.15,
242,18.4,73.5,30-08-24,,-273.15,
243,18.4,73.5,31-08-24,,-273.15,
244,18.4,73.5,01-09-24,298.09335,24.94335,0.000328877
245,18.4,73.5,02-09-24,297.12994,23.97994,0.001681924
246,18.4,73.5,03-09-24,297.38065,24.23065,0.000556898
247,18.4,73.5,04-09-24,297.71964,24.56964,0.000655374
248,18.4,73.5,05-09-24,297.32397,24.17397,0.000748146
249,18.4,73.5,06-09-24,297.65723,24.50723,0.000380532
250,18.4,73.5,07-09-24,297.81482,24.66482,0.000237263
251,18.4,73.5,08-09-24,297.98715,24.83715,0.000224753
252,18.4,73.5,09-09-24,297.741,24.591,0.000604585
253,18.4,73.5,10-09-24,297.61276,24.46276,0.000404445
254,18.4,73.5,11-09-24,297.18948,24.03948,0.000297022
255,18.4,73.5,12-09-24,297.4119,24.2619,0.000244315
256,18.4,73.5,13-09-24,297.29678,24.14678,0.000280344
257,18.4,73.5,14-09-24,297.24274,24.09274,0.000173219
258,18.4,73.5,15-09-24,296.63232,23.48232,0.000149437
259,18.4,73.5,16-09-24,297.24664,24.09664,0.000108405
260,18.4,73.5,17-09-24,297.98358,24.83358,6.26E-05
261,18.4,73.5,18-09-24,297.73877,24.58877,5.52E-05
262,18.4,73.5,19-09-24,298.67056,25.52056,2.68E-05
263,18.4,73.5,20-09-24,298.76355,25.61355,0.000123847
264,18.4,73.5,21-09-24,298.16556,25.01556,5.63E-05
265,18.4,73.5,22-09-24,298.69608,25.54608,0.000163273
266,18.4,73.5,23-09-24,298.77194,25.62194,0.000476901
267,18.4,73.5,24-09-24,298.1385,24.9885,0.000839265
268,18.4,73.5,25-09-24,297.6716,24.5216,0.002993285
269,18.4,73.5,26-09-24,296.8918,23.7418,0.003138806
270,18.4,73.5,27-09-24,297.21548,24.06548,0.00089407
271,18.4,73.5,28-09-24,297.36716,24.21716,0.000253435
272,18.4,73.5,29-09-24,298.45627,25.30627,0.000111357
273,18.4,73.5,30-09-24,299.26376,26.11376,5.41E-06
274,18.4,73.5,01-10-24,296.74844,23.59844,0
275,18.4,73.5,02-10-24,,-273.15,
276,18.4,73.5,03-10-24,,-273.15,
277,18.4,73.5,04-10-24,,-273.15,
278,18.4,73.5,05-10-24,,-273.15,
279,18.4,73.5,06-10-24,,-273.15,
280,18.4,73.5,07-10-24,,-273.15,
281,18.4,73.5,08-10-24,,-273.15,
282,18.4,73.5,09-10-24,,-273.15,
283,18.4,73.5,10-10-24,,-273.15,
284,18.4,73.5,11-10-24,,-273.15,
285,18.4,73.5,12-10-24,,-273.15,
286,18.4,73.5,13-10-24,,-273.15,
287,18.4,73.5,14-10-24,,-273.15,
288,18.4,73.5,15-10-24,,-273.15,
289,18.4,73.5,16-10-24,,-273.15,
290,18.4,73.5,17-10-24,,-273.15,
291,18.4,73.5,18-10-24,,-273.15,
292,18.4,73.5,19-10-24,,-273.15,
293,18.4,73.5,20-10-24,,-273.15,
294,18.4,73.5,21-10-24,,-273.15,
295,18.4,73.5,22-10-24,,-273.15,
296,18.4,73.5,23-10-24,,-273.15,
297,18.4,73.5,24-10-24,,-273.15,
298,18.4,73.5,25-10-24,,-273.15,
299,18.4,73.5,26-10-24,,-273.15,
300,18.4,73.5,27-10-24,,-273.15,
301,18.4,73.5,28-10-24,,-273.15,
302,18.4,73.5,29-10-24,,-273.15,
303,18.4,73.5,30-10-24,,-273.15,
304,18.4,73.5,31-10-24,,-273.15,
305,18.4,73.5,01-11-24,300.78683,27.63683,1.12E-05
306,18.4,73.5,02-11-24,299.8386,26.6886,5.80E-07
307,18.4,73.5,03-11-24,298.5697,25.4197,0
308,18.4,73.5,04-11-24,298.45078,25.30078,0
309,18.4,73.5,05-11-24,297.98578,24.83578,0
310,18.4,73.5,06-11-24,297.8702,24.7202,0
311,18.4,73.5,07-11-24,297.48547,24.33547,0
312,18.4,73.5,08-11-24,297.55002,24.40002,0
313,18.4,73.5,09-11-24,297.19635,24.04635,0
314,18.4,73.5,10-11-24,296.73645,23.58645,0
315,18.4,73.5,11-11-24,296.7122,23.5622,0
316,18.4,73.5,12-11-24,296.69308,23.54308,0
317,18.4,73.5,13-11-24,297.08096,23.93096,0
318,18.4,73.5,14-11-24,298.4189,25.2689,3.52E-06
319,18.4,73.5,15-11-24,298.92673,25.77673,9.40E-06
320,18.4,73.5,16-11-24,299.25888,26.10888,8.46E-06
321,18.4,73.5,17-11-24,299.41418,26.26418,7.15E-08
322,18.4,73.5,18-11-24,297.34283,24.19283,0
323,18.4,73.5,19-11-24,295.69876,22.54876,0
324,18.4,73.5,20-11-24,295.44547,22.29547,0
325,18.4,73.5,21-11-24,295.412,22.262,0
326,18.4,73.5,22-11-24,295.26413,22.11413,0
327,18.4,73.5,23-11-24,295.20596,22.05596,0
328,18.4,73.5,24-11-24,295.22424,22.07424,0
329,18.4,73.5,25-11-24,294.8735,21.7235,0
330,18.4,73.5,26-11-24,294.38132,21.23132,0
331,18.4,73.5,27-11-24,294.1771,21.0271,0
332,18.4,73.5,28-11-24,293.97787,20.82787,0
333,18.4,73.5,29-11-24,293.7816,20.6316,0
334,18.4,73.5,30-11-24,293.8619,20.7119,0
335,18.4,73.75,01-01-24,295.23834,22.08834,0
336,18.4,73.75,02-01-24,295.40576,22.25576,0
337,18.4,73.75,03-01-24,295.3609,22.2109,0
338,18.4,73.75,04-01-24,295.24313,22.09313,0
339,18.4,73.75,05-01-24,294.49252,21.34252,0
340,18.4,73.75,06-01-24,294.5599,21.4099,5.65E-06
341,18.4,73.75,07-01-24,295.3152,22.1652,9.58E-06
342,18.4,73.75,08-01-24,296.08218,22.93218,3.68E-05
343,18.4,73.75,09-01-24,295.07623,21.92623,4.78E-05
344,18.4,73.75,10-01-24,293.87082,20.72082,0.000116611
345,18.4,73.75,11-01-24,296.16473,23.01473,3.89E-06
346,18.4,73.75,12-01-24,296.19547,23.04547,0
347,18.4,73.75,13-01-24,296.66458,23.51458,0
348,18.4,73.75,14-01-24,296.11337,22.96337,0
349,18.4,73.75,15-01-24,294.53265,21.38265,0
350,18.4,73.75,16-01-24,293.64517,20.49517,0
351,18.4,73.75,17-01-24,293.79785,20.64785,0
352,18.4,73.75,18-01-24,292.8508,19.7008,0
353,18.4,73.75,19-01-24,293.22983,20.07983,0
354,18.4,73.75,20-01-24,294.19632,21.04632,0
355,18.4,73.75,21-01-24,294.1143,20.9643,0
356,18.4,73.75,22-01-24,293.9808,20.8308,0
357,18.4,73.75,23-01-24,292.86838,19.71838,0
358,18.4,73.75,24-01-24,292.3663,19.2163,0
359,18.4,73.75,25-01-24,292.58847,19.43847,0
360,18.4,73.75,26-01-24,293.73788,20.58788,0
361,18.4,73.75,27-01-24,294.74133,21.59133,0
362,18.4,73.75,28-01-24,295.5342,22.3842,0
363,18.4,73.75,29-01-24,295.5085,22.3585,0
364,18.4,73.75,30-01-24,295.22586,22.07586,0
365,18.4,73.75,31-01-24,295.4822,22.3322,0
366,18.4,73.75,01-02-24,289.6158,16.4658,0
367,18.4,73.75,02-02-24,,-273.15,
368,18.4,73.75,03-02-24,,-273.15,
369,18.4,73.75,04-02-24,,-273.15,
370,18.4,73.75,05-02-24,,-273.15,
371,18.4,73.75,06-02-24,,-273.15,
372,18.4,73.75,07-02-24,,-273.15,
373,18.4,73.75,08-02-24,,-273.15,
374,18.4,73.75,09-02-24,,-273.15,
375,18.4,73.75,10-02-24,,-273.15,
376,18.4,73.75,11-02-24,,-273.15,
377,18.4,73.75,12-02-24,,-273.15,
378,18.4,73.75,13-02-24,,-273.15,
379,18.4,73.75,14-02-24,,-273.15,
380,18.4,73.75,15-02-24,,-273.15,
381,18.4,73.75,16-02-24,,-273.15,
382,18.4,73.75,17-02-24,,-273.15,
383,18.4,73.75,18-02-24,,-273.15,
384,18.4,73.75,19-02-24,,-273.15,
385,18.4,73.75,20-02-24,,-273.15,
386,18.4,73.75,21-02-24,,-273.15,
387,18.4,73.75,22-02-24,,-273.15,
388,18.4,73.75,23-02-24,,-273.15,
389,18.4,73.75,24-02-24,,-273.15,
390,18.4,73.75,25-02-24,,-273.15,
391,18.4,73.75,26-02-24,,-273.15,
392,18.4,73.75,27-02-24,,-273.15,
393,18.4,73.75,28-02-24,,-273.15,
394,18.4,73.75,29-02-24,,-273.15,
395,18.4,73.75,01-03-24,300.42648,27.27648,5.86E-06
396,18.4,73.75,02-03-24,297.71866,24.56866,1.99E-08
397,18.4,73.75,03-03-24,296.12448,22.97448,9.97E-07
398,18.4,73.75,04-03-24,295.49786,22.34786,0
399,18.4,73.75,05-03-24,296.3211,23.1711,0
400,18.4,73.75,06-03-24,297.18573,24.03573,0
401,18.4,73.75,07-03-24,297.4581,24.3081,0
402,18.4,73.75,08-03-24,297.8965,24.7465,0
403,18.4,73.75,09-03-24,298.03104,24.88104,0
404,18.4,73.75,10-03-24,298.29,25.14,0
405,18.4,73.75,11-03-24,298.89786,25.74786,0
406,18.4,73.75,12-03-24,299.29282,26.14282,0
407,18.4,73.75,13-03-24,298.65747,25.50747,0
408,18.4,73.75,14-03-24,298.56522,25.41522,0
409,18.4,73.75,15-03-24,297.8557,24.7057,0
410,18.4,73.75,16-03-24,298.48578,25.33578,0
411,18.4,73.75,17-03-24,299.00424,25.85424,0
412,18.4,73.75,18-03-24,298.60202,25.45202,0
413,18.4,73.75,19-03-24,298.6379,25.4879,0
414,18.4,73.75,20-03-24,298.63718,25.48718,0
415,18.4,73.75,21-03-24,298.99054,25.84054,0
416,18.4,73.75,22-03-24,300.1304,26.9804,0
417,18.4,73.75,23-03-24,300.2079,27.0579,0
418,18.4,73.75,24-03-24,300.26846,27.11846,0
419,18.4,73.75,25-03-24,300.67538,27.52538,0
420,18.4,73.75,26-03-24,301.1578,28.0078,0
421,18.4,73.75,27-03-24,301.57394,28.42394,1.88E-06
422,18.4,73.75,28-03-24,301.75256,28.60256,2.05E-06
423,18.4,73.75,29-03-24,301.62384,28.47384,2.02E-05
424,18.4,73.75,30-03-24,301.77567,28.62567,7.12E-06
425,18.4,73.75,31-03-24,302.1514,29.0014,0
426,18.4,73.75,01-04-24,297.49222,24.34222,0
427,18.4,73.75,02-04-24,,-273.15,
428,18.4,73.75,03-04-24,,-273.15,
429,18.4,73.75,04-04-24,,-273.15,
430,18.4,73.75,05-04-24,,-273.15,
431,18.4,73.75,06-04-24,,-273.15,
432,18.4,73.75,07-04-24,,-273.15,
433,18.4,73.75,08-04-24,,-273.15,
434,18.4,73.75,09-04-24,,-273.15,
435,18.4,73.75,10-04-24,,-273.15,
436,18.4,73.75,11-04-24,,-273.15,
437,18.4,73.75,12-04-24,,-273.15,
438,18.4,73.75,13-04-24,,-273.15,
439,18.4,73.75,14-04-24,,-273.15,
440,18.4,73.75,15-04-24,,-273.15,
441,18.4,73.75,16-04-24,,-273.15,
442,18.4,73.75,17-04-24,,-273.15,
443,18.4,73.75,18-04-24,,-273.15,
444,18.4,73.75,19-04-24,,-273.15,
445,18.4,73.75,20-04-24,,-273.15,
446,18.4,73.75,21-04-24,,-273.15,
447,18.4,73.75,22-04-24,,-273.15,
448,18.4,73.75,23-04-24,,-273.15,
449,18.4,73.75,24-04-24,,-273.15,
450,18.4,73.75,25-04-24,,-273.15,
451,18.4,73.75,26-04-24,,-273.15,
452,18.4,73.75,27-04-24,,-273.15,
453,18.4,73.75,28-04-24,,-273.15,
454,18.4,73.75,29-04-24,,-273.15,
455,18.4,73.75,30-04-24,,-273.15,
456,18.4,73.75,01-05-24,303.4237,30.2737,0
457,18.4,73.75,02-05-24,301.3925,28.2425,0
458,18.4,73.75,03-05-24,301.45883,28.30883,0
459,18.4,73.75,04-05-24,302.03555,28.88555,2.38E-08
460,18.4,73.75,05-05-24,302.52975,29.37975,3.71E-06
461,18.4,73.75,06-05-24,301.9072,28.7572,0
462,18.4,73.75,07-05-24,301.0427,27.8927,3.18E-08
463,18.4,73.75,08-05-24,301.0923,27.9423,2.13E-06
464,18.4,73.75,09-05-24,300.99008,27.84008,2.13E-05
465,18.4,73.75,10-05-24,300.12,26.97,2.66E-05
466,18.4,73.75,11-05-24,301.14798,27.99798,0.000125018
467,18.4,73.75,12-05-24,300.29306,27.14306,6.35E-05
468,18.4,73.75,13-05-24,300.87872,27.72872,9.98E-05
469,18.4,73.75,14-05-24,300.66714,27.51714,7.78E-05
470,18.4,73.75,15-05-24,301.60147,28.45147,3.71E-06
471,18.4,73.75,16-05-24,301.46323,28.31323,3.19E-05
472,18.4,73.75,17-05-24,301.21768,28.06768,4.91E-05
473,18.4,73.75,18-05-24,301.7804,28.6304,4.49E-05
474,18.4,73.75,19-05-24,301.4997,28.3497,0.000642181
475,18.4,73.75,20-05-24,301.75717,28.60717,0.000225418
476,18.4,73.75,21-05-24,302.8259,29.6759,3.23E-05
477,18.4,73.75,22-05-24,301.88647,28.73647,0.000524145
478,18.4,73.75,23-05-24,302.3635,29.2135,5.68E-05
479,18.4,73.75,24-05-24,301.49466,28.34466,6.68E-07
480,18.4,73.75,25-05-24,300.30908,27.15908,1.69E-06
481,18.4,73.75,26-05-24,300.30704,27.15704,2.14E-05
482,18.4,73.75,27-05-24,299.09528,25.94528,2.95E-05
483,18.4,73.75,28-05-24,300.58023,27.43023,2.33E-05
484,18.4,73.75,29-05-24,300.2903,27.1403,1.56E-05
485,18.4,73.75,30-05-24,300.61224,27.46224,6.82E-06
486,18.4,73.75,31-05-24,301.61902,28.46902,7.12E-06
487,18.4,73.75,01-06-24,297.84122,24.69122,4.43E-06
488,18.4,73.75,02-06-24,,-273.15,
489,18.4,73.75,03-06-24,,-273.15,
490,18.4,73.75,04-06-24,,-273.15,
491,18.4,73.75,05-06-24,,-273.15,
492,18.4,73.75,06-06-24,,-273.15,
493,18.4,73.75,07-06-24,,-273.15,
494,18.4,73.75,08-06-24,,-273.15,
495,18.4,73.75,09-06-24,,-273.15,
496,18.4,73.75,10-06-24,,-273.15,
497,18.4,73.75,11-06-24,,-273.15,
498,18.4,73.75,12-06-24,,-273.15,
499,18.4,73.75,13-06-24,,-273.15,
500,18.4,73.75,14-06-24,,-273.15,
501,18.4,73.75,15-06-24,,-273.15,
502,18.4,73.75,16-06-24,,-273.15,
503,18.4,73.75,17-06-24,,-273.15,
504,18.4,73.75,18-06-24,,-273.15,
505,18.4,73.75,19-06-24,,-273.15,
506,18.4,73.75,20-06-24,,-273.15,
507,18.4,73.75,21-06-24,,-273.15,
508,18.4,73.75,22-06-24,,-273.15,
509,18.4,73.75,23-06-24,,-273.15,
510,18.4,73.75,24-06-24,,-273.15,
511,18.4,73.75,25-06-24,,-273.15,
512,18.4,73.75,26-06-24,,-273.15,
513,18.4,73.75,27-06-24,,-273.15,
514,18.4,73.75,28-06-24,,-273.15,
515,18.4,73.75,29-06-24,,-273.15,
516,18.4,73.75,30-06-24,,-273.15,
517,18.4,73.75,01-07-24,298.35086,25.20086,0.000612189
518,18.4,73.75,02-07-24,297.59515,24.44515,0.000895941
519,18.4,73.75,03-07-24,298.5556,25.4056,0.000222039
520,18.4,73.75,04-07-24,298.41235,25.26235,0.000295909
521,18.4,73.75,05-07-24,298.0101,24.8601,0.000336742
522,18.4,73.75,06-07-24,297.77975,24.62975,0.000451593
523,18.4,73.75,07-07-24,297.62045,24.47045,0.000473106
524,18.4,73.75,08-07-24,296.81406,23.66406,0.000587603
525,18.4,73.75,09-07-24,296.42468,23.27468,0.001895351
526,18.4,73.75,10-07-24,297.3819,24.2319,0.000149934
527,18.4,73.75,11-07-24,297.092,23.942,0.000370117
528,18.4,73.75,12-07-24,296.60373,23.45373,0.00071739
529,18.4,73.75,13-07-24,296.3115,23.1615,0.001081188
530,18.4,73.75,14-07-24,296.47513,23.32513,0.001176504
531,18.4,73.75,15-07-24,297.17255,24.02255,0.000715081
532,18.4,73.75,16-07-24,297.00586,23.85586,0.000654002
533,18.4,73.75,17-07-24,297.0909,23.9409,0.000693758
534,18.4,73.75,18-07-24,296.67496,23.52496,0.00170575
535,18.4,73.75,19-07-24,296.71085,23.56085,0.001218621
536,18.4,73.75,20-07-24,296.31842,23.16842,0.001488606
537,18.4,73.75,21-07-24,296.52975,23.37975,0.001314294
538,18.4,73.75,22-07-24,296.11877,22.96877,0.001718366
539,18.4,73.75,23-07-24,296.1166,22.9666,0.002123888
540,18.4,73.75,24-07-24,295.908,22.758,0.002358075
541,18.4,73.75,25-07-24,295.4548,22.3048,0.003313771
542,18.4,73.75,26-07-24,296.301,23.151,0.000699063
543,18.4,73.75,27-07-24,296.64017,23.49017,0.000700577
544,18.4,73.75,28-07-24,296.6301,23.4801,0.000734385
545,18.4,73.75,29-07-24,296.75882,23.60882,0.000837771
546,18.4,73.75,30-07-24,297.08524,23.93524,0.000540026
547,18.4,73.75,31-07-24,297.09222,23.94222,0.000282216
548,18.4,73.75,01-08-24,296.17618,23.02618,0.000198097
549,18.4,73.75,02-08-24,,-273.15,
550,18.4,73.75,03-08-24,,-273.15,
551,18.4,73.75,04-08-24,,-273.15,
552,18.4,73.75,05-08-24,,-273.15,
553,18.4,73.75,06-08-24,,-273.15,
554,18.4,73.75,07-08-24,,-273.15,
555,18.4,73.75,08-08-24,,-273.15,
556,18.4,73.75,09-08-24,,-273.15,
557,18.4,73.75,10-08-24,,-273.15,
558,18.4,73.75,11-08-24,,-273.15,
559,18.4,73.75,12-08-24,,-273.15,
560,18.4,73.75,13-08-24,,-273.15,
561,18.4,73.75,14-08-24,,-273.15,
562,18.4,73.75,15-08-24,,-273.15,
563,18.4,73.75,16-08-24,,-273.15,
564,18.4,73.75,17-08-24,,-273.15,
565,18.4,73.75,18-08-24,,-273.15,
566,18.4,73.75,19-08-24,,-273.15,
567,18.4,73.75,20-08-24,,-273.15,
568,18.4,73.75,21-08-24,,-273.15,
569,18.4,73.75,22-08-24,,-273.15,
570,18.4,73.75,23-08-24,,-273.15,
571,18.4,73.75,24-08-24,,-273.15,
572,18.4,73.75,25-08-24,,-273.15,
573,18.4,73.75,26-08-24,,-273.15,
574,18.4,73.75,27-08-24,,-273.15,
575,18.4,73.75,28-08-24,,-273.15,
576,18.4,73.75,29-08-24,,-273.15,
577,18.4,73.75,30-08-24,,-273.15,
578,18.4,73.75,31-08-24,,-273.15,
579,18.4,73.75,01-09-24,297.0218,23.8718,0.00044649
580,18.4,73.75,02-09-24,296.19754,23.04754,0.002013922
581,18.4,73.75,03-09-24,296.66843,23.51843,0.000364498
582,18.4,73.75,04-09-24,296.97134,23.82134,0.000327412
583,18.4,73.75,05-09-24,296.631,23.481,0.000361188
584,18.4,73.75,06-09-24,296.92868,23.77868,0.000240521
585,18.4,73.75,07-09-24,297.0364,23.8864,0.000129406
586,18.4,73.75,08-09-24,297.2416,24.0916,0.000104709
587,18.4,73.75,09-09-24,297.0343,23.8843,0.000232939
588,18.4,73.75,10-09-24,296.82834,23.67834,0.000214144
589,18.4,73.75,11-09-24,296.46854,23.31854,0.000153987
590,18.4,73.75,12-09-24,296.65244,23.50244,9.33E-05
591,18.4,73.75,13-09-24,296.58594,23.43594,5.22E-05
592,18.4,73.75,14-09-24,296.36972,23.21972,0.000122845
593,18.4,73.75,15-09-24,295.76874,22.61874,0.000120699
594,18.4,73.75,16-09-24,296.5162,23.3662,0.000112164
595,18.4,73.75,17-09-24,297.01712,23.86712,4.47E-05
596,18.4,73.75,18-09-24,296.76257,23.61257,2.70E-05
597,18.4,73.75,19-09-24,297.73572,24.58572,3.62E-05
598,18.4,73.75,20-09-24,297.87152,24.72152,0.000101527
599,18.4,73.75,21-09-24,297.29868,24.14868,1.61E-05
600,18.4,73.75,22-09-24,297.77213,24.62213,0.000103982
601,18.4,73.75,23-09-24,297.91586,24.76586,0.000527808
602,18.4,73.75,24-09-24,297.27945,24.12945,0.000505114
603,18.4,73.75,25-09-24,296.77823,23.62823,0.003322383
604,18.4,73.75,26-09-24,296.05933,22.90933,0.001862971
605,18.4,73.75,27-09-24,296.36542,23.21542,0.000662704
606,18.4,73.75,28-09-24,296.6039,23.4539,0.000149822
607,18.4,73.75,29-09-24,297.7798,24.6298,5.19E-05
608,18.4,73.75,30-09-24,298.58722,25.43722,6.58E-06
609,18.4,73.75,01-10-24,296.23633,23.08633,0
610,18.4,73.75,02-10-24,,-273.15,
611,18.4,73.75,03-10-24,,-273.15,
612,18.4,73.75,04-10-24,,-273.15,
613,18.4,73.75,05-10-24,,-273.15,
614,18.4,73.75,06-10-24,,-273.15,
615,18.4,73.75,07-10-24,,-273.15,
616,18.4,73.75,08-10-24,,-273.15,
617,18.4,73.75,09-10-24,,-273.15,
618,18.4,73.75,10-10-24,,-273.15,
619,18.4,73.75,11-10-24,,-273.15,
620,18.4,73.75,12-10-24,,-273.15,
621,18.4,73.75,13-10-24,,-273.15,
622,18.4,73.75,14-10-24,,-273.15,
623,18.4,73.75,15-10-24,,-273.15,
624,18.4,73.75,16-10-24,,-273.15,
625,18.4,73.75,17-10-24,,-273.15,
626,18.4,73.75,18-10-24,,-273.15,
627,18.4,73.75,19-10-24,,-273.15,
628,18.4,73.75,20-10-24,,-273.15,
629,18.4,73.75,21-10-24,,-273.15,
630,18.4,73.75,22-10-24,,-273.15,
631,18.4,73.75,23-10-24,,-273.15,
632,18.4,73.75,24-10-24,,-273.15,
633,18.4,73.75,25-10-24,,-273.15,
634,18.4,73.75,26-10-24,,-273.15,
635,18.4,73.75,27-10-24,,-273.15,
636,18.4,73.75,28-10-24,,-273.15,
637,18.4,73.75,29-10-24,,-273.15,
638,18.4,73.75,30-10-24,,-273.15,
639,18.4,73.75,31-10-24,,-273.15,
640,18.4,73.75,01-11-24,299.6529,26.5029,1.26E-05
641,18.4,73.75,02-11-24,298.0549,24.9049,1.64E-06
642,18.4,73.75,03-11-24,297.12344,23.97344,0
643,18.4,73.75,04-11-24,296.85965,23.70965,0
644,18.4,73.75,05-11-24,296.32303,23.17303,0
645,18.4,73.75,06-11-24,296.4938,23.3438,0
646,18.4,73.75,07-11-24,295.88864,22.73864,0
647,18.4,73.75,08-11-24,295.96494,22.81494,0
648,18.4,73.75,09-11-24,295.73077,22.58077,0
649,18.4,73.75,10-11-24,295.1616,22.0116,1.59E-08
650,18.4,73.75,11-11-24,295.1929,22.0429,0
651,18.4,73.75,12-11-24,295.1657,22.0157,0
652,18.4,73.75,13-11-24,295.5891,22.4391,0
653,18.4,73.75,14-11-24,296.6481,23.4981,7.98E-06
654,18.4,73.75,15-11-24,297.4117,24.2617,1.32E-05
655,18.4,73.75,16-11-24,297.72665,24.57665,5.92E-06
656,18.4,73.75,17-11-24,297.61057,24.46057,7.15E-08
657,18.4,73.75,18-11-24,295.34872,22.19872,0
658,18.4,73.75,19-11-24,294.1636,21.0136,0
659,18.4,73.75,20-11-24,294.03152,20.88152,0
660,18.4,73.75,21-11-24,293.90836,20.75836,0
661,18.4,73.75,22-11-24,293.74426,20.59426,0
662,18.4,73.75,23-11-24,294.16043,21.01043,0
663,18.4,73.75,24-11-24,293.9133,20.7633,0
664,18.4,73.75,25-11-24,293.35382,20.20382,0
665,18.4,73.75,26-11-24,292.90384,19.75384,0
666,18.4,73.75,27-11-24,292.74924,19.59924,0
667,18.4,73.75,28-11-24,292.57425,19.42425,0
668,18.4,73.75,29-11-24,292.44058,19.29058,0
669,18.4,73.75,30-11-24,292.36465,19.21465,0
