,latitude,longitude,valid_time,temp,tp
0,18.4,73.5,01-01-24,23.1525,0.0
1,18.4,73.5,02-01-24,23.3392,0.0
2,18.4,73.5,03-01-24,23.38007,0.0
3,18.4,73.5,04-01-24,22.8215,0.0
4,18.4,73.5,05-01-24,22.00024,0.0
5,18.4,73.5,06-01-24,22.55334,1.76e-06
6,18.4,73.5,07-01-24,23.24966,4.31e-06
7,18.4,73.5,08-01-24,24.5028,7.56e-06
8,18.4,73.5,09-01-24,23.80246,2.86e-05
9,18.4,73.5,10-01-24,23.31073,6.27e-05
10,18.4,73.5,11-01-24,24.86728,2.15e-06
11,18.4,73.5,12-01-24,25.00473,0.0
12,18.4,73.5,13-01-24,24.89148,0.0
13,18.4,73.5,14-01-24,24.44077,0.0
14,18.4,73.5,15-01-24,22.70526,0.0
15,18.4,73.5,16-01-24,21.2631,0.0
16,18.4,73.5,17-01-24,21.02234,0.0
17,18.4,73.5,18-01-24,20.27332,1.99e-08
18,18.4,73.5,19-01-24,20.9255,0.0
19,18.4,73.5,20-01-24,21.5394,0.0
20,18.4,73.5,21-01-24,22.2176,0.0
21,18.4,73.5,22-01-24,21.7178,0.0
22,18.4,73.5,23-01-24,20.69547,0.0
23,18.4,73.5,24-01-24,20.56778,0.0
24,18.4,73.5,25-01-24,21.19498,0.0
25,18.4,73.5,26-01-24,22.20837,0.0
26,18.4,73.5,27-01-24,23.3429,0.0
27,18.4,73.5,28-01-24,23.8472,0.0
28,18.4,73.5,29-01-24,23.91806,0.0
29,18.4,73.5,30-01-24,23.42285,0.0
30,18.4,73.5,31-01-24,22.8912,0.0
31,18.4,73.5,01-02-24,18.22772,0.0
32,18.4,73.5,02-02-24,-273.0,
33,18.4,73.5,03-02-24,-273.0,
34,18.4,73.5,04-02-24,-273.0,
35,18.4,73.5,05-02-24,-273.0,
36,18.4,73.5,06-02-24,-273.0,
37,18.4,73.5,07-02-24,-273.0,
38,18.4,73.5,08-02-24,-273.0,
39,18.4,73.5,09-02-24,-273.0,
40,18.4,73.5,10-02-24,-273.0,
41,18.4,73.5,11-02-24,-273.0,
42,18.4,73.5,12-02-24,-273.0,
43,18.4,73.5,13-02-24,-273.0,
44,18.4,73.5,14-02-24,-273.0,
45,18.4,73.5,15-02-24,-273.0,
46,18.4,73.5,16-02-24,-273.0,
47,18.4,73.5,17-02-24,-273.0,
48,18.4,73.5,18-02-24,-273.0,
49,18.4,73.5,19-02-24,-273.0,
50,18.4,73.5,20-02-24,-273.0,
51,18.4,73.5,21-02-24,-273.0,
52,18.4,73.5,22-02-24,-273.0,
53,18.4,73.5,23-02-24,-273.0,
54,18.4,73.5,24-02-24,-273.0,
55,18.4,73.5,25-02-24,-273.0,
56,18.4,73.5,26-02-24,-273.0,
57,18.4,73.5,27-02-24,-273.0,
58,18.4,73.5,28-02-24,-273.0,
59,18.4,73.5,29-02-24,-273.0,
60,18.4,73.5,01-03-24,28.19482,1.08e-05
61,18.4,73.5,02-03-24,25.37192,0.0
62,18.4,73.5,03-03-24,24.11478,5.43e-06
63,18.4,73.5,04-03-24,22.77667,0.0
64,18.4,73.5,05-03-24,23.75674,0.0
65,18.4,73.5,06-03-24,24.3003,0.0
66,18.4,73.5,07-03-24,24.54422,0.0
67,18.4,73.5,08-03-24,26.05396,0.0
68,18.4,73.5,09-03-24,26.26913,0.0
69,18.4,73.5,10-03-24,26.24316,0.0
70,18.4,73.5,11-03-24,26.78476,0.0
71,18.4,73.5,12-03-24,27.26657,0.0
72,18.4,73.5,13-03-24,26.34058,0.0
73,18.4,73.5,14-03-24,25.58994,0.0
74,18.4,73.5,15-03-24,24.89737,0.0
75,18.4,73.5,16-03-24,25.79028,0.0
76,18.4,73.5,17-03-24,26.18787,0.0
77,18.4,73.5,18-03-24,26.017,0.0
78,18.4,73.5,19-03-24,26.40457,0.0
79,18.4,73.5,20-03-24,26.71713,0.0
80,18.4,73.5,21-03-24,27.1003,0.0
81,18.4,73.5,22-03-24,27.9561,0.0
82,18.4,73.5,23-03-24,27.48068,0.0
83,18.4,73.5,24-03-24,27.714,0.0
84,18.4,73.5,25-03-24,28.33664,0.0
85,18.4,73.5,26-03-24,28.46536,0.0
86,18.4,73.5,27-03-24,28.35986,1.53e-06
87,18.4,73.5,28-03-24,28.50098,0.0
88,18.4,73.5,29-03-24,28.8083,1.01e-05
89,18.4,73.5,30-03-24,29.02148,3.51e-06
90,18.4,73.5,31-03-24,29.91913,0.0
91,18.4,73.5,01-04-24,25.4263,0.0
92,18.4,73.5,02-04-24,-273.0,
93,18.4,73.5,03-04-24,-273.0,
94,18.4,73.5,04-04-24,-273.0,
95,18.4,73.5,05-04-24,-273.0,
96,18.4,73.5,06-04-24,-273.0,
97,18.4,73.5,07-04-24,-273.0,
98,18.4,73.5,08-04-24,-273.0,
99,18.4,73.5,09-04-24,-273.0,
100,18.4,73.5,10-04-24,-273.0,
101,18.4,73.5,11-04-24,-273.0,
102,18.4,73.5,12-04-24,-273.0,
103,18.4,73.5,13-04-24,-273.0,
104,18.4,73.5,14-04-24,-273.0,
105,18.4,73.5,15-04-24,-273.0,
106,18.4,73.5,16-04-24,-273.0,
107,18.4,73.5,17-04-24,-273.0,
108,18.4,73.5,18-04-24,-273.0,
109,18.4,73.5,19-04-24,-273.0,
110,18.4,73.5,20-04-24,-273.0,
111,18.4,73.5,21-04-24,-273.0,
112,18.4,73.5,22-04-24,-273.0,
113,18.4,73.5,23-04-24,-273.0,
114,18.4,73.5,24-04-24,-273.0,
115,18.4,73.5,25-04-24,-273.0,
116,18.4,73.5,26-04-24,-273.0,
117,18.4,73.5,27-04-24,-273.0,
118,18.4,73.5,28-04-24,-273.0,
119,18.4,73.5,29-04-24,-273.0,
120,18.4,73.5,30-04-24,-273.0,
121,18.4,73.5,01-05-24,30.81995,0.0
122,18.4,73.5,02-05-24,28.87817,0.0
123,18.4,73.5,03-05-24,28.582,0.0
124,18.4,73.5,04-05-24,28.958,9.54e-08
125,18.4,73.5,05-05-24,29.47345,7.87e-07
126,18.4,73.5,06-05-24,28.89157,0.0
127,18.4,73.5,07-05-24,28.50168,7.15e-08
128,18.4,73.5,08-05-24,28.4897,4.25e-07
129,18.4,73.5,09-05-24,28.47266,5.94e-06
130,18.4,73.5,10-05-24,27.615,2.57e-06
131,18.4,73.5,11-05-24,28.3451,0.000172107
132,18.4,73.5,12-05-24,28.0546,3.86e-05
133,18.4,73.5,13-05-24,28.2122,0.000257655
134,18.4,73.5,14-05-24,28.8436,8.42e-05
135,18.4,73.5,15-05-24,29.3279,6.96e-05
136,18.4,73.5,16-05-24,28.85205,0.000139161
137,18.4,73.5,17-05-24,28.91568,4.18e-05
138,18.4,73.5,18-05-24,29.37546,7.79e-05
139,18.4,73.5,19-05-24,29.63388,0.000251889
140,18.4,73.5,20-05-24,29.56992,0.000106275
141,18.4,73.5,21-05-24,30.3343,2.73e-05
142,18.4,73.5,22-05-24,29.80447,0.000182676
143,18.4,73.5,23-05-24,30.04343,2.08e-05
144,18.4,73.5,24-05-24,29.2007,4.52e-06
145,18.4,73.5,25-05-24,28.3654,8.6e-06
146,18.4,73.5,26-05-24,28.35202,3.99e-05
147,18.4,73.5,27-05-24,27.03555,6.64e-05
148,18.4,73.5,28-05-24,28.55664,5.21e-05
149,18.4,73.5,29-05-24,28.39627,3.04e-05
150,18.4,73.5,30-05-24,28.64362,1.16e-05
151,18.4,73.5,31-05-24,29.58322,2.08e-05
152,18.4,73.5,01-06-24,25.92053,2.64e-05
153,18.4,73.5,02-06-24,-273.0,
154,18.4,73.5,03-06-24,-273.0,
155,18.4,73.5,04-06-24,-273.0,
156,18.4,73.5,05-06-24,-273.0,
157,18.4,73.5,06-06-24,-273.0,
158,18.4,73.5,07-06-24,-273.0,
159,18.4,73.5,08-06-24,-273.0,
160,18.4,73.5,09-06-24,-273.0,
161,18.4,73.5,10-06-24,-273.0,
162,18.4,73.5,11-06-24,-273.0,
163,18.4,73.5,12-06-24,-273.0,
164,18.4,73.5,13-06-24,-273.0,
165,18.4,73.5,14-06-24,-273.0,
166,18.4,73.5,15-06-24,-273.0,
167,18.4,73.5,16-06-24,-273.0,
168,18.4,73.5,17-06-24,-273.0,
169,18.4,73.5,18-06-24,-273.0,
170,18.4,73.5,19-06-24,-273.0,
171,18.4,73.5,20-06-24,-273.0,
172,18.4,73.5,21-06-24,-273.0,
173,18.4,73.5,22-06-24,-273.0,
174,18.4,73.5,23-06-24,-273.0,
175,18.4,73.5,24-06-24,-273.0,
176,18.4,73.5,25-06-24,-273.0,
177,18.4,73.5,26-06-24,-273.0,
178,18.4,73.5,27-06-24,-273.0,
179,18.4,73.5,28-06-24,-273.0,
180,18.4,73.5,29-06-24,-273.0,
181,18.4,73.5,30-06-24,-273.0,
182,18.4,73.5,01-07-24,26.08936,0.001230341
183,18.4,73.5,02-07-24,25.46265,0.001770171
184,18.4,73.5,03-07-24,26.3518,0.000469252
185,18.4,73.5,04-07-24,26.1304,0.000652735
186,18.4,73.5,05-07-24,25.55618,0.000697156
187,18.4,73.5,06-07-24,25.4656,0.00089002
188,18.4,73.5,07-07-24,25.47327,0.000745515
189,18.4,73.5,08-07-24,24.53415,0.000850442
190,18.4,73.5,09-07-24,24.16232,0.002559696
191,18.4,73.5,10-07-24,24.90482,0.000383885
192,18.4,73.5,11-07-24,24.6954,0.00085768
193,18.4,73.5,12-07-24,24.17557,0.001144656
194,18.4,73.5,13-07-24,23.89645,0.00206324
195,18.4,73.5,14-07-24,24.16653,0.0019798
196,18.4,73.5,15-07-24,24.88934,0.000973176
197,18.4,73.5,16-07-24,24.6353,0.001279737
198,18.4,73.5,17-07-24,24.6926,0.001665637
199,18.4,73.5,18-07-24,24.42468,0.003244936
200,18.4,73.5,19-07-24,24.36435,0.002031725
201,18.4,73.5,20-07-24,24.1444,0.002973642
202,18.4,73.5,21-07-24,24.23196,0.002257621
203,18.4,73.5,22-07-24,23.9807,0.002529288
204,18.4,73.5,23-07-24,24.0098,0.002977935
205,18.4,73.5,24-07-24,23.8942,0.003846548
206,18.4,73.5,25-07-24,23.47897,0.00428068
207,18.4,73.5,26-07-24,24.38443,0.00114032
208,18.4,73.5,27-07-24,24.47287,0.001149002
209,18.4,73.5,28-07-24,24.39148,0.00126496
210,18.4,73.5,29-07-24,24.4114,0.001279716
211,18.4,73.5,30-07-24,24.7145,0.001136925
212,18.4,73.5,31-07-24,24.7054,0.000737862
213,18.4,73.5,01-08-24,23.81717,0.000611477
214,18.4,73.5,02-08-24,-273.0,
215,18.4,73.5,03-08-24,-273.0,
216,18.4,73.5,04-08-24,-273.0,
217,18.4,73.5,05-08-24,-273.0,
218,18.4,73.5,06-08-24,-273.0,
219,18.4,73.5,07-08-24,-273.0,
220,18.4,73.5,08-08-24,-273.0,
221,18.4,73.5,09-08-24,-273.0,
222,18.4,73.5,10-08-24,-273.0,
223,18.4,73.5,11-08-24,-273.0,
224,18.4,73.5,12-08-24,-273.0,
225,18.4,73.5,13-08-24,-273.0,
226,18.4,73.5,14-08-24,-273.0,
227,18.4,73.5,15-08-24,-273.0,
228,18.4,73.5,16-08-24,-273.0,
229,18.4,73.5,17-08-24,-273.0,
230,18.4,73.5,18-08-24,-273.0,
231,18.4,73.5,19-08-24,-273.0,
232,18.4,73.5,20-08-24,-273.0,
233,18.4,73.5,21-08-24,-273.0,
234,18.4,73.5,22-08-24,-273.0,
235,18.4,73.5,23-08-24,-273.0,
236,18.4,73.5,24-08-24,-273.0,
237,18.4,73.5,25-08-24,-273.0,
238,18.4,73.5,26-08-24,-273.0,
239,18.4,73.5,27-08-24,-273.0,
240,18.4,73.5,28-08-24,-273.0,
241,18.4,73.5,29-08-24,-273.0,
242,18.4,73.5,30-08-24,-273.0,
243,18.4,73.5,31-08-24,-273.0,
244,18.4,73.5,01-09-24,25.09335,0.000328877
245,18.4,73.5,02-09-24,24.12994,0.001681924
246,18.4,73.5,03-09-24,24.38065,0.000556898
247,18.4,73.5,04-09-24,24.71964,0.000655374
248,18.4,73.5,05-09-24,24.32397,0.000748146
249,18.4,73.5,06-09-24,24.65723,0.000380532
250,18.4,73.5,07-09-24,24.81482,0.000237263
251,18.4,73.5,08-09-24,24.98715,0.000224753
252,18.4,73.5,09-09-24,24.741,0.000604585
253,18.4,73.5,10-09-24,24.61276,0.000404445
254,18.4,73.5,11-09-24,24.18948,0.000297022
255,18.4,73.5,12-09-24,24.4119,0.000244315
256,18.4,73.5,13-09-24,24.29678,0.000280344
257,18.4,73.5,14-09-24,24.24274,0.000173219
258,18.4,73.5,15-09-24,23.63232,0.000149437
259,18.4,73.5,16-09-24,24.24664,0.000108405
260,18.4,73.5,17-09-24,24.98358,6.26e-05
261,18.4,73.5,18-09-24,24.73877,5.52e-05
262,18.4,73.5,19-09-24,25.67056,2.68e-05
263,18.4,73.5,20-09-24,25.76355,0.000123847
264,18.4,73.5,21-09-24,25.16556,5.63e-05
265,18.4,73.5,22-09-24,25.69608,0.000163273
266,18.4,73.5,23-09-24,25.77194,0.000476901
267,18.4,73.5,24-09-24,25.1385,0.000839265
268,18.4,73.5,25-09-24,24.6716,0.002993285
269,18.4,73.5,26-09-24,23.8918,0.003138806
270,18.4,73.5,27-09-24,24.21548,0.00089407
271,18.4,73.5,28-09-24,24.36716,0.000253435
272,18.4,73.5,29-09-24,25.45627,0.000111357
273,18.4,73.5,30-09-24,26.26376,5.41e-06
274,18.4,73.5,01-10-24,23.74844,0.0
275,18.4,73.5,02-10-24,-273.0,
276,18.4,73.5,03-10-24,-273.0,
277,18.4,73.5,04-10-24,-273.0,
278,18.4,73.5,05-10-24,-273.0,
279,18.4,73.5,06-10-24,-273.0,
280,18.4,73.5,07-10-24,-273.0,
281,18.4,73.5,08-10-24,-273.0,
282,18.4,73.5,09-10-24,-273.0,
283,18.4,73.5,10-10-24,-273.0,
284,18.4,73.5,11-10-24,-273.0,
285,18.4,73.5,12-10-24,-273.0,
286,18.4,73.5,13-10-24,-273.0,
287,18.4,73.5,14-10-24,-273.0,
288,18.4,73.5,15-10-24,-273.0,
289,18.4,73.5,16-10-24,-273.0,
290,18.4,73.5,17-10-24,-273.0,
291,18.4,73.5,18-10-24,-273.0,
292,18.4,73.5,19-10-24,-273.0,
293,18.4,73.5,20-10-24,-273.0,
294,18.4,73.5,21-10-24,-273.0,
295,18.4,73.5,22-10-24,-273.0,
296,18.4,73.5,23-10-24,-273.0,
297,18.4,73.5,24-10-24,-273.0,
298,18.4,73.5,25-10-24,-273.0,
299,18.4,73.5,26-10-24,-273.0,
300,18.4,73.5,27-10-24,-273.0,
301,18.4,73.5,28-10-24,-273.0,
302,18.4,73.5,29-10-24,-273.0,
303,18.4,73.5,30-10-24,-273.0,
304,18.4,73.5,31-10-24,-273.0,
305,18.4,73.5,01-11-24,27.78683,1.12e-05
306,18.4,73.5,02-11-24,26.8386,5.8e-07
307,18.4,73.5,03-11-24,25.5697,0.0
308,18.4,73.5,04-11-24,25.45078,0.0
309,18.4,73.5,05-11-24,24.98578,0.0
310,18.4,73.5,06-11-24,24.8702,0.0
311,18.4,73.5,07-11-24,24.48547,0.0
312,18.4,73.5,08-11-24,24.55002,0.0
313,18.4,73.5,09-11-24,24.19635,0.0
314,18.4,73.5,10-11-24,23.73645,0.0
315,18.4,73.5,11-11-24,23.7122,0.0
316,18.4,73.5,12-11-24,23.69308,0.0
317,18.4,73.5,13-11-24,24.08096,0.0
318,18.4,73.5,14-11-24,25.4189,3.52e-06
319,18.4,73.5,15-11-24,25.92673,9.4e-06
320,18.4,73.5,16-11-24,26.25888,8.46e-06
321,18.4,73.5,17-11-24,26.41418,7.15e-08
322,18.4,73.5,18-11-24,24.34283,0.0
323,18.4,73.5,19-11-24,22.69876,0.0
324,18.4,73.5,20-11-24,22.44547,0.0
325,18.4,73.5,21-11-24,22.412,0.0
326,18.4,73.5,22-11-24,22.26413,0.0
327,18.4,73.5,23-11-24,22.20596,0.0
328,18.4,73.5,24-11-24,22.22424,0.0
329,18.4,73.5,25-11-24,21.8735,0.0
330,18.4,73.5,26-11-24,21.38132,0.0
331,18.4,73.5,27-11-24,21.1771,0.0
332,18.4,73.5,28-11-24,20.97787,0.0
333,18.4,73.5,29-11-24,20.7816,0.0
334,18.4,73.5,30-11-24,20.8619,0.0
335,18.4,73.75,01-01-24,22.23834,0.0
336,18.4,73.75,02-01-24,22.40576,0.0
337,18.4,73.75,03-01-24,22.3609,0.0
338,18.4,73.75,04-01-24,22.24313,0.0
339,18.4,73.75,05-01-24,21.49252,0.0
340,18.4,73.75,06-01-24,21.5599,5.65e-06
341,18.4,73.75,07-01-24,22.3152,9.58e-06
342,18.4,73.75,08-01-24,23.08218,3.68e-05
343,18.4,73.75,09-01-24,22.07623,4.78e-05
344,18.4,73.75,10-01-24,20.87082,0.000116611
345,18.4,73.75,11-01-24,23.16473,3.89e-06
346,18.4,73.75,12-01-24,23.19547,0.0
347,18.4,73.75,13-01-24,23.66458,0.0
348,18.4,73.75,14-01-24,23.11337,0.0
349,18.4,73.75,15-01-24,21.53265,0.0
350,18.4,73.75,16-01-24,20.64517,0.0
351,18.4,73.75,17-01-24,20.79785,0.0
352,18.4,73.75,18-01-24,19.8508,0.0
353,18.4,73.75,19-01-24,20.22983,0.0
354,18.4,73.75,20-01-24,21.19632,0.0
355,18.4,73.75,21-01-24,21.1143,0.0
356,18.4,73.75,22-01-24,20.9808,0.0
357,18.4,73.75,23-01-24,19.86838,0.0
358,18.4,73.75,24-01-24,19.3663,0.0
359,18.4,73.75,25-01-24,19.58847,0.0
360,18.4,73.75,26-01-24,20.73788,0.0
361,18.4,73.75,27-01-24,21.74133,0.0
362,18.4,73.75,28-01-24,22.5342,0.0
363,18.4,73.75,29-01-24,22.5085,0.0
364,18.4,73.75,30-01-24,22.22586,0.0
365,18.4,73.75,31-01-24,22.4822,0.0
366,18.4,73.75,01-02-24,16.6158,0.0
367,18.4,73.75,02-02-24,-273.0,
368,18.4,73.75,03-02-24,-273.0,
369,18.4,73.75,04-02-24,-273.0,
370,18.4,73.75,05-02-24,-273.0,
371,18.4,73.75,06-02-24,-273.0,
372,18.4,73.75,07-02-24,-273.0,
373,18.4,73.75,08-02-24,-273.0,
374,18.4,73.75,09-02-24,-273.0,
375,18.4,73.75,10-02-24,-273.0,
376,18.4,73.75,11-02-24,-273.0,
377,18.4,73.75,12-02-24,-273.0,
378,18.4,73.75,13-02-24,-273.0,
379,18.4,73.75,14-02-24,-273.0,
380,18.4,73.75,15-02-24,-273.0,
381,18.4,73.75,16-02-24,-273.0,
382,18.4,73.75,17-02-24,-273.0,
383,18.4,73.75,18-02-24,-273.0,
384,18.4,73.75,19-02-24,-273.0,
385,18.4,73.75,20-02-24,-273.0,
386,18.4,73.75,21-02-24,-273.0,
387,18.4,73.75,22-02-24,-273.0,
388,18.4,73.75,23-02-24,-273.0,
389,18.4,73.75,24-02-24,-273.0,
390,18.4,73.75,25-02-24,-273.0,
391,18.4,73.75,26-02-24,-273.0,
392,18.4,73.75,27-02-24,-273.0,
393,18.4,73.75,28-02-24,-273.0,
394,18.4,73.75,29-02-24,-273.0,
395,18.4,73.75,01-03-24,27.42648,5.86e-06
396,18.4,73.75,02-03-24,24.71866,1.99e-08
397,18.4,73.75,03-03-24,23.12448,9.97e-07
398,18.4,73.75,04-03-24,22.49786,0.0
399,18.4,73.75,05-03-24,23.3211,0.0
400,18.4,73.75,06-03-24,24.18573,0.0
401,18.4,73.75,07-03-24,24.4581,0.0
402,18.4,73.75,08-03-24,24.8965,0.0
403,18.4,73.75,09-03-24,25.03104,0.0
404,18.4,73.75,10-03-24,25.29,0.0
405,18.4,73.75,11-03-24,25.89786,0.0
406,18.4,73.75,12-03-24,26.29282,0.0
407,18.4,73.75,13-03-24,25.65747,0.0
408,18.4,73.75,14-03-24,25.56522,0.0
409,18.4,73.75,15-03-24,24.8557,0.0
410,18.4,73.75,16-03-24,25.48578,0.0
411,18.4,73.75,17-03-24,26.00424,0.0
412,18.4,73.75,18-03-24,25.60202,0.0
413,18.4,73.75,19-03-24,25.6379,0.0
414,18.4,73.75,20-03-24,25.63718,0.0
415,18.4,73.75,21-03-24,25.99054,0.0
416,18.4,73.75,22-03-24,27.1304,0.0
417,18.4,73.75,23-03-24,27.2079,0.0
418,18.4,73.75,24-03-24,27.26846,0.0
419,18.4,73.75,25-03-24,27.67538,0.0
420,18.4,73.75,26-03-24,28.1578,0.0
421,18.4,73.75,27-03-24,28.57394,1.88e-06
422,18.4,73.75,28-03-24,28.75256,2.05e-06
423,18.4,73.75,29-03-24,28.62384,2.02e-05
424,18.4,73.75,30-03-24,28.77567,7.12e-06
425,18.4,73.75,31-03-24,29.1514,0.0
426,18.4,73.75,01-04-24,24.49222,0.0
427,18.4,73.75,02-04-24,-273.0,
428,18.4,73.75,03-04-24,-273.0,
429,18.4,73.75,04-04-24,-273.0,
430,18.4,73.75,05-04-24,-273.0,
431,18.4,73.75,06-04-24,-273.0,
432,18.4,73.75,07-04-24,-273.0,
433,18.4,73.75,08-04-24,-273.0,
434,18.4,73.75,09-04-24,-273.0,
435,18.4,73.75,10-04-24,-273.0,
436,18.4,73.75,11-04-24,-273.0,
437,18.4,73.75,12-04-24,-273.0,
438,18.4,73.75,13-04-24,-273.0,
439,18.4,73.75,14-04-24,-273.0,
440,18.4,73.75,15-04-24,-273.0,
441,18.4,73.75,16-04-24,-273.0,
442,18.4,73.75,17-04-24,-273.0,
443,18.4,73.75,18-04-24,-273.0,
444,18.4,73.75,19-04-24,-273.0,
445,18.4,73.75,20-04-24,-273.0,
446,18.4,73.75,21-04-24,-273.0,
447,18.4,73.75,22-04-24,-273.0,
448,18.4,73.75,23-04-24,-273.0,
449,18.4,73.75,24-04-24,-273.0,
450,18.4,73.75,25-04-24,-273.0,
451,18.4,73.75,26-04-24,-273.0,
452,18.4,73.75,27-04-24,-273.0,
453,18.4,73.75,28-04-24,-273.0,
454,18.4,73.75,29-04-24,-273.0,
455,18.4,73.75,30-04-24,-273.0,
456,18.4,73.75,01-05-24,30.4237,0.0
457,18.4,73.75,02-05-24,28.3925,0.0
458,18.4,73.75,03-05-24,28.45883,0.0
459,18.4,73.75,04-05-24,29.03555,2.38e-08
460,18.4,73.75,05-05-24,29.52975,3.71e-06
461,18.4,73.75,06-05-24,28.9072,0.0
462,18.4,73.75,07-05-24,28.0427,3.18e-08
463,18.4,73.75,08-05-24,28.0923,2.13e-06
464,18.4,73.75,09-05-24,27.99008,2.13e-05
465,18.4,73.75,10-05-24,27.12,2.66e-05
466,18.4,73.75,11-05-24,28.14798,0.000125018
467,18.4,73.75,12-05-24,27.29306,6.35e-05
468,18.4,73.75,13-05-24,27.87872,9.98e-05
469,18.4,73.75,14-05-24,27.66714,7.78e-05
470,18.4,73.75,15-05-24,28.60147,3.71e-06
471,18.4,73.75,16-05-24,28.46323,3.19e-05
472,18.4,73.75,17-05-24,28.21768,4.91e-05
473,18.4,73.75,18-05-24,28.7804,4.49e-05
474,18.4,73.75,19-05-24,28.4997,0.000642181
475,18.4,73.75,20-05-24,28.75717,0.000225418
476,18.4,73.75,21-05-24,29.8259,3.23e-05
477,18.4,73.75,22-05-24,28.88647,0.000524145
478,18.4,73.75,23-05-24,29.3635,5.68e-05
479,18.4,73.75,24-05-24,28.49466,6.68e-07
480,18.4,73.75,25-05-24,27.30908,1.69e-06
481,18.4,73.75,26-05-24,27.30704,2.14e-05
482,18.4,73.75,27-05-24,26.09528,2.95e-05
483,18.4,73.75,28-05-24,27.58023,2.33e-05
484,18.4,73.75,29-05-24,27.2903,1.56e-05
485,18.4,73.75,30-05-24,27.61224,6.82e-06
486,18.4,73.75,31-05-24,28.61902,7.12e-06
487,18.4,73.75,01-06-24,24.84122,4.43e-06
488,18.4,73.75,02-06-24,-273.0,
489,18.4,73.75,03-06-24,-273.0,
490,18.4,73.75,04-06-24,-273.0,
491,18.4,73.75,05-06-24,-273.0,
492,18.4,73.75,06-06-24,-273.0,
493,18.4,73.75,07-06-24,-273.0,
494,18.4,73.75,08-06-24,-273.0,
495,18.4,73.75,09-06-24,-273.0,
496,18.4,73.75,10-06-24,-273.0,
497,18.4,73.75,11-06-24,-273.0,
498,18.4,73.75,12-06-24,-273.0,
499,18.4,73.75,13-06-24,-273.0,
500,18.4,73.75,14-06-24,-273.0,
501,18.4,73.75,15-06-24,-273.0,
502,18.4,73.75,16-06-24,-273.0,
503,18.4,73.75,17-06-24,-273.0,
504,18.4,73.75,18-06-24,-273.0,
505,18.4,73.75,19-06-24,-273.0,
506,18.4,73.75,20-06-24,-273.0,
507,18.4,73.75,21-06-24,-273.0,
508,18.4,73.75,22-06-24,-273.0,
509,18.4,73.75,23-06-24,-273.0,
510,18.4,73.75,24-06-24,-273.0,
511,18.4,73.75,25-06-24,-273.0,
512,18.4,73.75,26-06-24,-273.0,
513,18.4,73.75,27-06-24,-273.0,
514,18.4,73.75,28-06-24,-273.0,
515,18.4,73.75,29-06-24,-273.0,
516,18.4,73.75,30-06-24,-273.0,
517,18.4,73.75,01-07-24,25.35086,0.000612189
518,18.4,73.75,02-07-24,24.59515,0.000895941
519,18.4,73.75,03-07-24,25.5556,0.000222039
520,18.4,73.75,04-07-24,25.41235,0.000295909
521,18.4,73.75,05-07-24,25.0101,0.000336742
522,18.4,73.75,06-07-24,24.77975,0.000451593
523,18.4,73.75,07-07-24,24.62045,0.000473106
524,18.4,73.75,08-07-24,23.81406,0.000587603
525,18.4,73.75,09-07-24,23.42468,0.001895351
526,18.4,73.75,10-07-24,24.3819,0.000149934
527,18.4,73.75,11-07-24,24.092,0.000370117
528,18.4,73.75,12-07-24,23.60373,0.00071739
529,18.4,73.75,13-07-24,23.3115,0.001081188
530,18.4,73.75,14-07-24,23.47513,0.001176504
531,18.4,73.75,15-07-24,24.17255,0.000715081
532,18.4,73.75,16-07-24,24.00586,0.000654002
533,18.4,73.75,17-07-24,24.0909,0.000693758
534,18.4,73.75,18-07-24,23.67496,0.00170575
535,18.4,73.75,19-07-24,23.71085,0.001218621
536,18.4,73.75,20-07-24,23.31842,0.001488606
537,18.4,73.75,21-07-24,23.52975,0.001314294
538,18.4,73.75,22-07-24,23.11877,0.001718366
539,18.4,73.75,23-07-24,23.1166,0.002123888
540,18.4,73.75,24-07-24,22.908,0.002358075
541,18.4,73.75,25-07-24,22.4548,0.003313771
542,18.4,73.75,26-07-24,23.301,0.000699063
543,18.4,73.75,27-07-24,23.64017,0.000700577
544,18.4,73.75,28-07-24,23.6301,0.000734385
545,18.4,73.75,29-07-24,23.75882,0.000837771
546,18.4,73.75,30-07-24,24.08524,0.000540026
547,18.4,73.75,31-07-24,24.09222,0.000282216
548,18.4,73.75,01-08-24,23.17618,0.000198097
549,18.4,73.75,02-08-24,-273.0,
550,18.4,73.75,03-08-24,-273.0,
551,18.4,73.75,04-08-24,-273.0,
552,18.4,73.75,05-08-24,-273.0,
553,18.4,73.75,06-08-24,-273.0,
554,18.4,73.75,07-08-24,-273.0,
555,18.4,73.75,08-08-24,-273.0,
556,18.4,73.75,09-08-24,-273.0,
557,18.4,73.75,10-08-24,-273.0,
558,18.4,73.75,11-08-24,-273.0,
559,18.4,73.75,12-08-24,-273.0,
560,18.4,73.75,13-08-24,-273.0,
561,18.4,73.75,14-08-24,-273.0,
562,18.4,73.75,15-08-24,-273.0,
563,18.4,73.75,16-08-24,-273.0,
564,18.4,73.75,17-08-24,-273.0,
565,18.4,73.75,18-08-24,-273.0,
566,18.4,73.75,19-08-24,-273.0,
567,18.4,73.75,20-08-24,-273.0,
568,18.4,73.75,21-08-24,-273.0,
569,18.4,73.75,22-08-24,-273.0,
570,18.4,73.75,23-08-24,-273.0,
571,18.4,73.75,24-08-24,-273.0,
572,18.4,73.75,25-08-24,-273.0,
573,18.4,73.75,26-08-24,-273.0,
574,18.4,73.75,27-08-24,-273.0,
575,18.4,73.75,28-08-24,-273.0,
576,18.4,73.75,29-08-24,-273.0,
577,18.4,73.75,30-08-24,-273.0,
578,18.4,73.75,31-08-24,-273.0,
579,18.4,73.75,01-09-24,24.0218,0.00044649
580,18.4,73.75,02-09-24,23.19754,0.002013922
581,18.4,73.75,03-09-24,23.66843,0.000364498
582,18.4,73.75,04-09-24,23.97134,0.000327412
583,18.4,73.75,05-09-24,23.631,0.000361188
584,18.4,73.75,06-09-24,23.92868,0.000240521
585,18.4,73.75,07-09-24,24.0364,0.000129406
586,18.4,73.75,08-09-24,24.2416,0.000104709
587,18.4,73.75,09-09-24,24.0343,0.000232939
588,18.4,73.75,10-09-24,23.82834,0.000214144
589,18.4,73.75,11-09-24,23.46854,0.000153987
590,18.4,73.75,12-09-24,23.65244,9.33e-05
591,18.4,73.75,13-09-24,23.58594,5.22e-05
592,18.4,73.75,14-09-24,23.36972,0.000122845
593,18.4,73.75,15-09-24,22.76874,0.000120699
594,18.4,73.75,16-09-24,23.5162,0.000112164
595,18.4,73.75,17-09-24,24.01712,4.47e-05
596,18.4,73.75,18-09-24,23.76257,2.7e-05
597,18.4,73.75,19-09-24,24.73572,3.62e-05
598,18.4,73.75,20-09-24,24.87152,0.000101527
599,18.4,73.75,21-09-24,24.29868,1.61e-05
600,18.4,73.75,22-09-24,24.77213,0.000103982
601,18.4,73.75,23-09-24,24.91586,0.000527808
602,18.4,73.75,24-09-24,24.27945,0.000505114
603,18.4,73.75,25-09-24,23.77823,0.003322383
604,18.4,73.75,26-09-24,23.05933,0.001862971
605,18.4,73.75,27-09-24,23.36542,0.000662704
606,18.4,73.75,28-09-24,23.6039,0.000149822
607,18.4,73.75,29-09-24,24.7798,5.19e-05
608,18.4,73.75,30-09-24,25.58722,6.58e-06
609,18.4,73.75,01-10-24,23.23633,0.0
610,18.4,73.75,02-10-24,-273.0,
611,18.4,73.75,03-10-24,-273.0,
612,18.4,73.75,04-10-24,-273.0,
613,18.4,73.75,05-10-24,-273.0,
614,18.4,73.75,06-10-24,-273.0,
615,18.4,73.75,07-10-24,-273.0,
616,18.4,73.75,08-10-24,-273.0,
617,18.4,73.75,09-10-24,-273.0,
618,18.4,73.75,10-10-24,-273.0,
619,18.4,73.75,11-10-24,-273.0,
620,18.4,73.75,12-10-24,-273.0,
621,18.4,73.75,13-10-24,-273.0,
622,18.4,73.75,14-10-24,-273.0,
623,18.4,73.75,15-10-24,-273.0,
624,18.4,73.75,16-10-24,-273.0,
625,18.4,73.75,17-10-24,-273.0,
626,18.4,73.75,18-10-24,-273.0,
627,18.4,73.75,19-10-24,-273.0,
628,18.4,73.75,20-10-24,-273.0,
629,18.4,73.75,21-10-24,-273.0,
630,18.4,73.75,22-10-24,-273.0,
631,18.4,73.75,23-10-24,-273.0,
632,18.4,73.75,24-10-24,-273.0,
633,18.4,73.75,25-10-24,-273.0,
634,18.4,73.75,26-10-24,-273.0,
635,18.4,73.75,27-10-24,-273.0,
636,18.4,73.75,28-10-24,-273.0,
637,18.4,73.75,29-10-24,-273.0,
638,18.4,73.75,30-10-24,-273.0,
639,18.4,73.75,31-10-24,-273.0,
640,18.4,73.75,01-11-24,26.6529,1.26e-05
641,18.4,73.75,02-11-24,25.0549,1.64e-06
642,18.4,73.75,03-11-24,24.12344,0.0
643,18.4,73.75,04-11-24,23.85965,0.0
644,18.4,73.75,05-11-24,23.32303,0.0
645,18.4,73.75,06-11-24,23.4938,0.0
646,18.4,73.75,07-11-24,22.88864,0.0
647,18.4,73.75,08-11-24,22.96494,0.0
648,18.4,73.75,09-11-24,22.73077,0.0
649,18.4,73.75,10-11-24,22.1616,1.59e-08
650,18.4,73.75,11-11-24,22.1929,0.0
651,18.4,73.75,12-11-24,22.1657,0.0
652,18.4,73.75,13-11-24,22.5891,0.0
653,18.4,73.75,14-11-24,23.6481,7.98e-06
654,18.4,73.75,15-11-24,24.4117,1.32e-05
655,18.4,73.75,16-11-24,24.72665,5.92e-06
656,18.4,73.75,17-11-24,24.61057,7.15e-08
657,18.4,73.75,18-11-24,22.34872,0.0
658,18.4,73.75,19-11-24,21.1636,0.0
659,18.4,73.75,20-11-24,21.03152,0.0
660,18.4,73.75,21-11-24,20.90836,0.0
661,18.4,73.75,22-11-24,20.74426,0.0
662,18.4,73.75,23-11-24,21.16043,0.0
663,18.4,73.75,24-11-24,20.9133,0.0
664,18.4,73.75,25-11-24,20.35382,0.0
665,18.4,73.75,26-11-24,19.90384,0.0
666,18.4,73.75,27-11-24,19.74924,0.0
667,18.4,73.75,28-11-24,19.57425,0.0
668,18.4,73.75,29-11-24,19.44058,0.0
669,18.4,73.75,30-11-24,19.36465,0.0
